Trade number,Type,Date and time,Signal,Price USD,Size (qty),Size (value),Net PnL USD,Return %,Commission USD,Favorable excursion USD,Favorable excursion %,Adverse excursion USD,Adverse excursion %,Cumulative PnL USD,Cumulative PnL %,Duration (bars)
1,Exit short,2000-11-23,SL/TP 1,1.40501,63860,91224.01,1500.07,1.64,0,1500.07,1.64,-906.81,-0.99,1500.07,0.15,13
1,Entry short,2000-11-06,1.4441593083,1.4285,63860,91224.01,1500.07,1.64,0,1500.07,1.64,-906.81,-0.99,1500.07,0.15,13
2,Exit short,2000-11-29,Exit Short 2,1.423,63860,91224.01,351.23,0.39,0,27370.4,30.00,-906.81,-0.99,1851.3,0.19,17
2,Entry short,2000-11-06,1.4441593083,1.4285,63860,91224.01,351.23,0.39,0,27370.4,30.00,-906.81,-0.99,1851.3,0.19,17
3,Exit short,2001-06-06,SL/TP 1,1.40354,95770,135945.515,1528.49,1.12,0,1528.49,1.12,-794.89,-0.58,3379.79,0.34,10
3,Entry short,2001-05-23,1.4301349926,1.4195,95770,135945.515,1528.49,1.12,0,1528.49,1.12,-794.89,-0.58,3379.79,0.34,10
4,Exit short,2001-06-15,Exit Short 2,1.4054,95770,135945.515,1350.36,0.99,0,4893.85,3.60,-794.89,-0.58,4730.15,0.47,17
4,Entry short,2001-05-23,1.4301349926,1.4195,95770,135945.515,1350.36,0.99,0,4893.85,3.60,-794.89,-0.58,4730.15,0.47,17
5,Exit long,2002-06-11,SL/TP 1,1.47017,159297,232621.4091,1572.26,0.68,0,1572.26,0.68,-63.72,-0.03,6302.41,0.63,1
5,Entry long,2002-06-10,1.4537254772,1.4603,159297,232621.4091,1572.26,0.68,0,1572.26,0.68,-63.72,-0.03,6302.41,0.63,1
6,Exit long,2002-08-01,Exit Long 2,1.5614,159297,232621.4091,16104.93,6.92,0,19896.2,8.55,-63.72,-0.03,22407.34,2.24,32
6,Entry long,2002-06-10,1.4537254772,1.4603,159297,232621.4091,16104.93,6.92,0,19896.2,8.55,-63.72,-0.03,22407.34,2.24,32
7,Exit short,2003-04-10,BL Exit Short 1,1.5725,92055,143707.0605,-1049.43,-0.73,0,1371.62,0.95,-1215.13,-0.85,21357.91,2.14,4
7,Entry short,2003-04-04,1.5743971022,1.5611,92055,143707.0605,-1049.43,-0.73,0,1371.62,0.95,-1215.13,-0.85,21357.91,2.14,4
8,Exit short,2003-04-10,BL Exit Short 2,1.5725,92055,143707.0605,-1049.43,-0.73,0,1371.62,0.95,-1215.13,-0.85,20308.48,2.03,4
8,Entry short,2003-04-04,1.5743971022,1.5611,92055,143707.0605,-1049.43,-0.73,0,1371.62,0.95,-1215.13,-0.85,20308.48,2.03,4
9,Exit short,2003-04-22,SL/TP 1,1.57342,100151,156375.7714,-1203.82,-0.77,0,120.18,0.08,-1203.82,-0.77,19104.67,1.91,1
9,Entry short,2003-04-21,1.5734127226,1.5614,100151,156375.7714,-1203.82,-0.77,0,120.18,0.08,-1203.82,-0.77,19104.67,1.91,1
10,Exit short,2003-04-22,Exit Short 2,1.5778,100151,156375.7714,-1642.48,-1.05,0,120.18,0.08,-1932.91,-1.24,17462.19,1.75,1
10,Entry short,2003-04-21,1.5734127226,1.5614,100151,156375.7714,-1642.48,-1.05,0,120.18,0.08,-1932.91,-1.24,17462.19,1.75,1
11,Exit long,2003-11-20,SL/TP 1,1.70753,88417,149212.5292,1762.15,1.18,0,1762.15,1.18,-433.24,-0.29,19224.34,1.92,5
11,Entry long,2003-11-13,1.6743150528,1.6876,88417,149212.5292,1762.15,1.18,0,1762.15,1.18,-433.24,-0.29,19224.34,1.92,5
12,Exit long,2004-01-16,Exit Long 2,1.7972,88417,149212.5292,9690.5,6.49,0,15083.94,10.11,-433.24,-0.29,28914.84,2.89,44
12,Entry long,2003-11-13,1.6743150528,1.6876,88417,149212.5292,9690.5,6.49,0,15083.94,10.11,-433.24,-0.29,28914.84,2.89,44
13,Exit long,2004-07-08,SL/TP 1,1.85864,77235,141618.096,1933.96,1.37,0,1933.96,1.37,-486.58,-0.34,30848.81,3.08,4
13,Entry long,2004-07-02,1.8169087522,1.8336,77235,141618.096,1933.96,1.37,0,1933.96,1.37,-486.58,-0.34,30848.81,3.08,4
14,Exit long,2004-07-21,Exit Long 2,1.8422,77235,141618.096,664.22,0.47,0,3390.62,2.39,-486.58,-0.34,31513.03,3.15,13
14,Entry long,2004-07-02,1.8169087522,1.8336,77235,141618.096,664.22,0.47,0,3390.62,2.39,-486.58,-0.34,31513.03,3.15,13
15,Exit short,2004-10-11,SL/TP 1,1.79877,91576,163408.2144,-1315.95,-0.81,0,869.97,0.53,-1315.95,-0.81,30197.08,3.02,5
15,Entry short,2004-10-04,1.7987609847,1.7844,91576,163408.2144,-1315.95,-0.81,0,869.97,0.53,-1315.95,-0.81,30197.08,3.02,5
16,Exit short,2004-10-11,BL Exit Short 2,1.7989,91576,163408.2144,-1327.85,-0.81,0,869.97,0.53,-1337.01,-0.82,28869.23,2.89,5
16,Entry short,2004-10-04,1.7987609847,1.7844,91576,163408.2144,-1327.85,-0.81,0,869.97,0.53,-1337.01,-0.82,28869.23,2.89,5
17,Exit short,2004-10-14,BL Exit Short 1,1.7968,98804,177027.1268,-503.9,-0.28,0,731.15,0.41,-1294.33,-0.73,28365.33,2.84,2
17,Entry short,2004-10-12,1.8048773327,1.7917,98804,177027.1268,-503.9,-0.28,0,731.15,0.41,-1294.33,-0.73,28365.33,2.84,2
18,Exit short,2004-10-14,BL Exit Short 2,1.7968,98804,177027.1268,-503.9,-0.28,0,731.15,0.41,-1294.33,-0.73,27861.43,2.79,2
18,Entry short,2004-10-12,1.8048773327,1.7917,98804,177027.1268,-503.9,-0.28,0,731.15,0.41,-1294.33,-0.73,27861.43,2.79,2
19,Exit short,2005-02-10,SL/TP 1,1.873,80965,150368.198,-1279.25,-0.85,0,485.79,0.32,-1279.25,-0.85,26582.18,2.66,3
19,Entry short,2005-02-07,1.8729920804,1.8572,80965,150368.198,-1279.25,-0.85,0,485.79,0.32,-1279.25,-0.85,26582.18,2.66,3
20,Exit short,2005-02-14,Exit Short 2,1.8874,80965,150368.198,-2445.14,-1.63,0,485.79,0.32,-2809.49,-1.87,24137.04,2.41,5
20,Entry short,2005-02-07,1.8729920804,1.8572,80965,150368.198,-2445.14,-1.63,0,485.79,0.32,-2809.49,-1.87,24137.04,2.41,5
21,Exit short,2005-06-30,SL/TP 1,1.78758,95394,172386.4974,1862.09,1.08,0,1862.09,1.08,-343.42,-0.20,25999.13,2.60,1
21,Entry short,2005-06-29,1.8201130297,1.8071,95394,172386.4974,1862.09,1.08,0,1862.09,1.08,-343.42,-0.20,25999.13,2.60,1
22,Exit short,2005-07-28,Exit Short 2,1.7558,95394,172386.4974,4893.71,2.84,0,7602.9,4.41,-343.42,-0.20,30892.84,3.09,20
22,Entry short,2005-06-29,1.8201130297,1.8071,95394,172386.4974,4893.71,2.84,0,7602.9,4.41,-343.42,-0.20,30892.84,3.09,20
23,Exit short,2005-11-16,SL/TP 1,1.7292,84654,148347.6696,1963.97,1.32,0,1963.97,1.32,0,0.00,32856.82,3.29,8
23,Entry short,2005-11-04,1.7678620981,1.7524,84654,148347.6696,1963.97,1.32,0,1963.97,1.32,0,0.00,32856.82,3.29,8
24,Exit short,2005-11-28,Exit Short 2,1.7288,84654,148347.6696,1997.83,1.35,0,3995.67,2.69,0,0.00,34854.65,3.49,16
24,Entry short,2005-11-04,1.7678620981,1.7524,84654,148347.6696,1997.83,1.35,0,3995.67,2.69,0,0.00,34854.65,3.49,16
25,Exit short,2006-03-27,SL/TP 1,1.74571,120399,208832.0655,-1349.67,-0.65,0,397.32,0.19,-1349.67,-0.65,33504.98,3.35,2
25,Entry short,2006-03-23,1.7457006447,1.7345,120399,208832.0655,-1349.67,-0.65,0,397.32,0.19,-1349.67,-0.65,33504.98,3.35,2
26,Exit short,2006-03-27,BL Exit Short 2,1.7464,120399,208832.0655,-1432.75,-0.69,0,397.32,0.19,-1830.06,-0.88,32072.23,3.21,2
26,Entry short,2006-03-23,1.7457006447,1.7345,120399,208832.0655,-1432.75,-0.69,0,397.32,0.19,-1830.06,-0.88,32072.23,3.21,2
27,Exit short,2006-03-30,BL Exit Short 1,1.7462,120001,209149.7429,-396,-0.19,0,1320.01,0.63,-672.01,-0.32,31676.23,3.17,2
27,Entry short,2006-03-28,1.7540252975,1.7429,120001,209149.7429,-396,-0.19,0,1320.01,0.63,-672.01,-0.32,31676.23,3.17,2
28,Exit short,2006-03-30,BL Exit Short 2,1.7462,120001,209149.7429,-396,-0.19,0,1320.01,0.63,-672.01,-0.32,31280.22,3.13,2
28,Entry short,2006-03-28,1.7540252975,1.7429,120001,209149.7429,-396,-0.19,0,1320.01,0.63,-672.01,-0.32,31280.22,3.13,2
29,Exit short,2006-04-04,SL/TP 1,1.74846,113352,196869.7536,-1321.68,-0.67,0,1303.55,0.66,-1321.68,-0.67,29958.54,3.00,2
29,Entry short,2006-03-31,1.7484514499,1.7368,113352,196869.7536,-1321.68,-0.67,0,1303.55,0.66,-1321.68,-0.67,29958.54,3.00,2
30,Exit short,2006-04-04,Exit Short 2,1.7556,113352,196869.7536,-2131.02,-1.08,0,1303.55,0.66,-2403.06,-1.22,27827.52,2.78,2
30,Entry short,2006-03-31,1.7484514499,1.7368,113352,196869.7536,-2131.02,-1.08,0,1303.55,0.66,-2403.06,-1.22,27827.52,2.78,2
31,Exit short,2006-07-19,SL/TP 1,1.83451,88127,160391.14,-1278.72,-0.80,0,114.57,0.07,-1278.72,-0.80,26548.8,2.65,2
31,Entry short,2006-07-17,1.834504948,1.82,88127,160391.14,-1278.72,-0.80,0,114.57,0.07,-1278.72,-0.80,26548.8,2.65,2
32,Exit short,2006-07-19,BL Exit Short 2,1.8425,88127,160391.14,-1982.86,-1.24,0,114.57,0.07,-2150.3,-1.34,24565.94,2.46,2
32,Entry short,2006-07-17,1.834504948,1.82,88127,160391.14,-1982.86,-1.24,0,114.57,0.07,-2150.3,-1.34,24565.94,2.46,2
33,Exit long,2006-09-22,SL/TP 1,1.90629,100555,189817.6735,1869.32,0.98,0,1869.32,0.98,-100.55,-0.05,26435.26,2.64,2
33,Entry long,2006-09-20,1.8753121587,1.8877,100555,189817.6735,1869.32,0.98,0,1869.32,0.98,-100.55,-0.05,26435.26,2.64,2
34,Exit long,2006-09-28,Exit Long 2,1.8758,100555,189817.6735,-1196.6,-0.63,0,1990.99,1.05,-1498.27,-0.79,25238.65,2.52,6
34,Entry long,2006-09-20,1.8753121587,1.8877,100555,189817.6735,-1196.6,-0.63,0,1990.99,1.05,-1498.27,-0.79,25238.65,2.52,6
35,Exit long,2007-01-23,SL/TP 1,1.98098,85871,168229.8761,1878.86,1.12,0,1878.86,1.12,-137.39,-0.08,27117.51,2.71,7
35,Entry long,2007-01-12,1.9445154792,1.9591,85871,168229.8761,1878.86,1.12,0,1878.86,1.12,-137.39,-0.08,27117.51,2.71,7
36,Exit long,2007-01-26,Exit Long 2,1.9596,85871,168229.8761,42.94,0.03,0,2816.57,1.67,-257.61,-0.15,27160.45,2.72,10
36,Entry long,2007-01-12,1.9445154792,1.9591,85871,168229.8761,42.94,0.03,0,2816.57,1.67,-257.61,-0.15,27160.45,2.72,10
37,Exit short,2007-03-05,SL/TP 1,1.9255,104809,203717.2533,1907.52,0.94,0,1907.52,0.94,-136.25,-0.07,29067.97,2.91,1
37,Entry short,2007-03-02,1.9558325776,1.9437,104809,203717.2533,1907.52,0.94,0,1907.52,0.94,-136.25,-0.07,29067.97,2.91,1
38,Exit short,2007-03-16,Exit Short 2,1.9425,104809,203717.2533,125.77,0.06,0,2630.71,1.29,-754.62,-0.37,29193.74,2.92,10
38,Entry short,2007-03-02,1.9558325776,1.9437,104809,203717.2533,125.77,0.06,0,2630.71,1.29,-754.62,-0.37,29193.74,2.92,10
39,Exit long,2007-10-01,SL/TP 1,2.04922,87634,177642.8814,1938.46,1.09,0,1938.46,1.09,-648.49,-0.37,31132.21,3.11,2
39,Entry long,2007-09-27,2.0123576665,2.0271,87634,177642.8814,1938.46,1.09,0,1938.46,1.09,-648.49,-0.37,31132.21,3.11,2
40,Exit long,2007-10-16,BL Exit Long 2,2.0328,87634,177642.8814,499.51,0.28,0,1989.29,1.12,-648.49,-0.37,31631.72,3.16,13
40,Entry long,2007-09-27,2.0123576665,2.0271,87634,177642.8814,499.51,0.28,0,1989.29,1.12,-648.49,-0.37,31631.72,3.16,13
41,Exit short,2008-02-14,Exit Short 1,1.969,76126,149534.3018,-357.79,-0.24,0,1925.99,1.29,-738.42,-0.49,31273.93,3.13,7
41,Entry short,2008-02-05,1.9815912001,1.9643,76126,149534.3018,-357.79,-0.24,0,1925.99,1.29,-738.42,-0.49,31273.93,3.13,7
42,Exit short,2008-02-14,Exit Short 2,1.969,76126,149534.3018,-357.79,-0.24,0,1925.99,1.29,-738.42,-0.49,30916.14,3.09,7
42,Entry short,2008-02-05,1.9815912001,1.9643,76126,149534.3018,-357.79,-0.24,0,1925.99,1.29,-738.42,-0.49,30916.14,3.09,7
43,Exit short,2008-02-21,SL/TP 1,1.96414,84801,165251.7087,-1309.33,-0.79,0,1043.05,0.63,-1309.33,-0.79,29606.81,2.96,2
43,Entry short,2008-02-19,1.9641379248,1.9487,84801,165251.7087,-1309.33,-0.79,0,1043.05,0.63,-1309.33,-0.79,29606.81,2.96,2
44,Exit short,2008-02-21,Exit Short 2,1.9635,84801,165251.7087,-1255.05,-0.76,0,1043.05,0.63,-1348.34,-0.82,28351.75,2.84,2
44,Entry short,2008-02-19,1.9641379248,1.9487,84801,165251.7087,-1255.05,-0.76,0,1043.05,0.63,-1348.34,-0.82,28351.75,2.84,2
45,Exit short,2008-04-30,SL/TP 1,1.98888,68000,133960,-1283.84,-0.96,0,496.4,0.37,-1283.84,-0.96,27067.91,2.71,1
45,Entry short,2008-04-29,1.9888752007,1.97,68000,133960,-1283.84,-0.96,0,496.4,0.37,-1283.84,-0.96,27067.91,2.71,1
46,Exit short,2008-04-30,BL Exit Short 2,1.9878,68000,133960,-1210.4,-0.90,0,496.4,0.37,-1346.4,-1.01,25857.51,2.59,1
46,Entry short,2008-04-29,1.9888752007,1.97,68000,133960,-1210.4,-0.90,0,496.4,0.37,-1346.4,-1.01,25857.51,2.59,1
47,Exit short,2008-05-09,SL/TP 1,1.94736,65207,128888.1562,1906.65,1.48,0,1906.65,1.48,-873.77,-0.68,27764.16,2.78,6
47,Entry short,2008-05-01,1.9960867802,1.9766,65207,128888.1562,1906.65,1.48,0,1906.65,1.48,-873.77,-0.68,27764.16,2.78,6
48,Exit short,2008-05-20,Exit Short 2,1.9676,65207,128888.1562,586.86,0.46,0,2595.24,2.01,-873.77,-0.68,28351.03,2.84,13
48,Entry short,2008-05-01,1.9960867802,1.9766,65207,128888.1562,586.86,0.46,0,2595.24,2.01,-873.77,-0.68,28351.03,2.84,13
49,Exit short,2008-10-06,SL/TP 1,1.74231,46637,83181.7532,1925.64,2.31,0,1925.64,2.31,-191.21,-0.23,30276.67,3.03,4
49,Entry short,2008-09-30,1.8111212025,1.7836,46637,83181.7532,1925.64,2.31,0,1925.64,2.31,-191.21,-0.23,30276.67,3.03,4
50,Exit short,2008-11-24,Exit Short 2,1.5188,46637,83181.7532,12349.48,14.85,0,15268.95,18.36,-191.21,-0.23,42626.15,4.26,39
50,Entry short,2008-09-30,1.8111212025,1.7836,46637,83181.7532,12349.48,14.85,0,15268.95,18.36,-191.21,-0.23,42626.15,4.26,39
51,Exit short,2009-01-06,Exit Short 1,1.4908,37766,55988.095,-313.46,-0.56,0,1778.78,3.18,-645.8,-1.15,42312.69,4.23,9
51,Entry short,2008-12-22,1.5202652774,1.4825,37766,55988.095,-313.46,-0.56,0,1778.78,3.18,-645.8,-1.15,42312.69,4.23,9
52,Exit short,2009-01-06,Exit Short 2,1.4908,37766,55988.095,-313.46,-0.56,0,1778.78,3.18,-645.8,-1.15,41999.23,4.20,9
52,Entry short,2008-12-22,1.5202652774,1.4825,37766,55988.095,-313.46,-0.56,0,1778.78,3.18,-645.8,-1.15,41999.23,4.20,9
53,Exit short,2009-01-16,SL/TP 1,1.48593,40889,59338.1168,-1420.07,-2.39,0,134.93,0.23,-1420.07,-2.39,40579.16,4.06,3
53,Entry short,2009-01-13,1.4859273422,1.4512,40889,59338.1168,-1420.07,-2.39,0,134.93,0.23,-1420.07,-2.39,40579.16,4.06,3
54,Exit short,2009-01-30,Exit Short 2,1.45,40889,59338.1168,49.07,0.08,0,4117.52,6.94,-1929.96,-3.25,40628.22,4.06,13
54,Entry short,2009-01-13,1.4859273422,1.4512,40889,59338.1168,49.07,0.08,0,4117.52,6.94,-1929.96,-3.25,40628.22,4.06,13
55,Exit short,2009-03-18,SL/TP 1,1.43399,46125,64736.4375,-1406.35,-2.17,0,1738.91,2.69,-1406.35,-2.17,39221.87,3.92,12
55,Entry short,2009-03-02,1.4339880457,1.4035,46125,64736.4375,-1406.35,-2.17,0,1738.91,2.69,-1406.35,-2.17,39221.87,3.92,12
56,Exit short,2009-03-18,Exit Short 2,1.4287,46125,64736.4375,-1162.35,-1.80,0,1738.91,2.69,-1411.42,-2.18,38059.52,3.81,12
56,Entry short,2009-03-02,1.4339880457,1.4035,46125,64736.4375,-1162.35,-1.80,0,1738.91,2.69,-1411.42,-2.18,38059.52,3.81,12
57,Exit long,2009-08-03,SL/TP 1,1.6743,64118,105281.756,2071.01,1.97,0,2071.01,1.97,-1000.24,-0.95,40130.54,4.01,13
57,Entry long,2009-07-15,1.6204681251,1.642,64118,105281.756,2071.01,1.97,0,2071.01,1.97,-1000.24,-0.95,40130.54,4.01,13
58,Exit long,2009-08-10,Exit Long 2,1.6483,64118,105281.756,403.94,0.38,0,3988.14,3.79,-1000.24,-0.95,40534.48,4.05,18
58,Entry long,2009-07-15,1.6204681251,1.642,64118,105281.756,403.94,0.38,0,3988.14,3.79,-1000.24,-0.95,40534.48,4.05,18
59,Exit short,2010-02-01,SL/TP 1,1.5907,87137,140717.5413,2108.72,1.50,0,2108.72,1.50,-1106.64,-0.79,42643.19,4.26,4
59,Entry short,2010-01-26,1.6310279106,1.6149,87137,140717.5413,2108.72,1.50,0,2108.72,1.50,-1106.64,-0.79,42643.19,4.26,4
60,Exit short,2010-03-12,Exit Short 2,1.5184,87137,140717.5413,8408.72,5.98,0,11929.06,8.48,-1106.64,-0.79,51051.91,5.11,33
60,Entry short,2010-01-26,1.6310279106,1.6149,87137,140717.5413,8408.72,5.98,0,11929.06,8.48,-1106.64,-0.79,51051.91,5.11,33
61,Exit long,2010-11-04,SL/TP 1,1.61788,94129,150022.8002,2266.63,1.51,0,2266.63,1.51,-583.6,-0.39,53318.54,5.33,5
61,Entry long,2010-10-28,1.5777527855,1.5938,94129,150022.8002,2266.63,1.51,0,2266.63,1.51,-583.6,-0.39,53318.54,5.33,5
62,Exit long,2010-11-16,Exit Long 2,1.5878,94129,150022.8002,-564.77,-0.38,0,3388.64,2.26,-941.29,-0.63,52753.77,5.28,13
62,Entry long,2010-10-28,1.5777527855,1.5938,94129,150022.8002,-564.77,-0.38,0,3388.64,2.26,-941.29,-0.63,52753.77,5.28,13
63,Exit long,2011-03-10,SL/TP 1,1.60755,122769,198885.78,-1528.47,-0.77,0,135.05,0.07,-1528.47,-0.77,51225.29,5.12,1
63,Entry long,2011-03-09,1.607557673,1.62,122769,198885.78,-1528.47,-0.77,0,135.05,0.07,-1528.47,-0.77,51225.29,5.12,1
64,Exit long,2011-03-10,Exit Long 2,1.6061,122769,198885.78,-1706.49,-0.86,0,135.05,0.07,-2001.13,-1.01,49518.8,4.95,1
64,Entry long,2011-03-09,1.607557673,1.62,122769,198885.78,-1706.49,-0.86,0,135.05,0.07,-2001.13,-1.01,49518.8,4.95,1
65,Exit long,2011-03-24,BL Exit Long 1,1.6124,103864,168592.0448,-1121.73,-0.67,0,1744.92,1.03,-1474.87,-0.87,48397.07,4.84,4
65,Entry long,2011-03-18,1.6088044468,1.6232,103864,168592.0448,-1121.73,-0.67,0,1744.92,1.03,-1474.87,-0.87,48397.07,4.84,4
66,Exit long,2011-03-24,BL Exit Long 2,1.6124,103864,168592.0448,-1121.73,-0.67,0,1744.92,1.03,-1474.87,-0.87,47275.34,4.73,4
66,Entry long,2011-03-18,1.6088044468,1.6232,103864,168592.0448,-1121.73,-0.67,0,1744.92,1.03,-1474.87,-0.87,47275.34,4.73,4
67,Exit short,2012-01-03,SL/TP 1,1.55822,111038,171548.1581,-1473.47,-0.86,0,982.69,0.57,-1473.47,-0.86,45801.87,4.58,4
67,Entry short,2011-12-28,1.5582134869,1.54495,111038,171548.1581,-1473.47,-0.86,0,982.69,0.57,-1473.47,-0.86,45801.87,4.58,4
68,Exit short,2012-01-03,BL Exit Short 2,1.5644,111038,171548.1581,-2159.69,-1.26,0,982.69,0.57,-2431.73,-1.42,43642.18,4.36,4
68,Entry short,2011-12-28,1.5582134869,1.54495,111038,171548.1581,-2159.69,-1.26,0,982.69,0.57,-2431.73,-1.42,43642.18,4.36,4
69,Exit short,2012-01-12,SL/TP 1,1.52967,109242,169259.5548,2155.34,1.27,0,2155.34,1.27,-332.1,-0.20,45797.52,4.58,5
69,Entry short,2012-01-05,1.5625489481,1.5494,109242,169259.5548,2155.34,1.27,0,2155.34,1.27,-332.1,-0.20,45797.52,4.58,5
70,Exit short,2012-01-19,Exit Short 2,1.54874,109242,169259.5548,72.1,0.04,0,2841.38,1.68,-332.1,-0.20,45869.62,4.59,10
70,Entry short,2012-01-05,1.5625489481,1.5494,109242,169259.5548,72.1,0.04,0,2841.38,1.68,-332.1,-0.20,45869.62,4.59,10
71,Exit short,2012-06-29,SL/TP 1,1.56278,128775,199787.9738,-1459.02,-0.73,0,82.42,0.04,-1459.02,-0.73,44410.6,4.44,1
71,Entry short,2012-06-28,1.562777419,1.55145,128775,199787.9738,-1459.02,-0.73,0,82.42,0.04,-1459.02,-0.73,44410.6,4.44,1
72,Exit short,2012-06-29,BL Exit Short 2,1.56599,128775,199787.9738,-1872.39,-0.94,0,82.42,0.04,-2460.89,-1.23,42538.21,4.25,1
72,Entry short,2012-06-28,1.562777419,1.55145,128775,199787.9738,-1872.39,-0.94,0,82.42,0.04,-2460.89,-1.23,42538.21,4.25,1
73,Exit short,2012-07-26,SL/TP 1,1.56131,127456,197572.0947,-1426.23,-0.72,0,562.08,0.28,-1426.23,-0.72,41111.98,4.11,3
73,Entry short,2012-07-23,1.5613032927,1.55012,127456,197572.0947,-1426.23,-0.72,0,562.08,0.28,-1426.23,-0.72,41111.98,4.11,3
74,Exit short,2012-07-26,Exit Short 2,1.56841,127456,197572.0947,-2331.17,-1.18,0,562.08,0.28,-2818.05,-1.43,38780.81,3.88,3
74,Entry short,2012-07-23,1.5613032927,1.55012,127456,197572.0947,-2331.17,-1.18,0,562.08,0.28,-2818.05,-1.43,38780.81,3.88,3
75,Exit long,2012-10-18,SL/TP 1,1.60587,172084,277733.251,-1388.72,-0.50,0,519.69,0.19,-1388.72,-0.50,37392.09,3.74,1
75,Entry long,2012-10-17,1.605875282,1.61394,172084,277733.251,-1388.72,-0.50,0,519.69,0.19,-1388.72,-0.50,37392.09,3.74,1
76,Exit long,2012-10-18,BL Exit Long 2,1.60465,172084,277733.251,-1598.66,-0.58,0,519.69,0.19,-1719.12,-0.62,35793.43,3.58,1
76,Entry long,2012-10-17,1.605875282,1.61394,172084,277733.251,-1598.66,-0.58,0,519.69,0.19,-1719.12,-0.62,35793.43,3.58,1
77,Exit long,2013-05-01,SL/TP 1,1.56034,119969,185155.3558,2037.07,1.10,0,2037.07,1.10,-194.35,-0.10,37830.5,3.78,4
77,Entry long,2013-04-25,1.5320409501,1.54336,119969,185155.3558,2037.07,1.10,0,2037.07,1.10,-194.35,-0.10,37830.5,3.78,4
78,Exit long,2013-05-09,Exit Long 2,1.54461,119969,185155.3558,149.96,0.08,0,2050.27,1.11,-194.35,-0.10,37980.46,3.80,10
78,Entry long,2013-04-25,1.5320409501,1.54336,119969,185155.3558,149.96,0.08,0,2050.27,1.11,-194.35,-0.10,37980.46,3.80,10
79,Exit long,2014-02-17,SL/TP 1,1.67672,131560,218518.5288,2070.75,0.95,0,2070.75,0.95,-147.35,-0.07,40051.22,4.01,3
79,Entry long,2014-02-12,1.650491997,1.66098,131560,218518.5288,2070.75,0.95,0,2070.75,0.95,-147.35,-0.07,40051.22,4.01,3
80,Exit long,2014-03-10,Exit Long 2,1.66441,131560,218518.5288,451.25,0.21,0,2783.81,1.27,-363.11,-0.17,40502.47,4.05,18
80,Entry long,2014-02-12,1.650491997,1.66098,131560,218518.5288,451.25,0.21,0,2783.81,1.27,-363.11,-0.17,40502.47,4.05,18
81,Exit long,2014-05-22,BL Exit Long 1,1.6866,202091,341489.33,-642.65,-0.19,0,373.87,0.11,-961.95,-0.28,39859.82,3.99,1
81,Entry long,2014-05-21,1.6828275646,1.68978,202091,341489.33,-642.65,-0.19,0,373.87,0.11,-961.95,-0.28,39859.82,3.99,1
82,Exit long,2014-05-22,BL Exit Long 2,1.6866,202091,341489.33,-642.65,-0.19,0,373.87,0.11,-961.95,-0.28,39217.17,3.92,1
82,Entry long,2014-05-21,1.6828275646,1.68978,202091,341489.33,-642.65,-0.19,0,373.87,0.11,-961.95,-0.28,39217.17,3.92,1
83,Exit short,2015-01-02,SL/TP 1,1.53909,117410,182793.2808,2088.72,1.14,0,2088.72,1.14,-1330.26,-0.73,41305.89,4.13,11
83,Entry short,2014-12-17,1.5687373354,1.55688,117410,182793.2808,2088.72,1.14,0,2088.72,1.14,-1330.26,-0.73,41305.89,4.13,11
84,Exit short,2015-01-27,BL Exit Short 2,1.51865,117410,182793.2808,4488.58,2.46,0,7253.59,3.97,-1330.26,-0.73,45794.48,4.58,28
84,Entry short,2014-12-17,1.5687373354,1.55688,117410,182793.2808,4488.58,2.46,0,7253.59,3.97,-1330.26,-0.73,45794.48,4.58,28
85,Exit long,2015-08-25,SL/TP 1,1.58076,137020,214407.5258,2188.21,1.02,0,2188.21,1.02,-1172.89,-0.55,47982.69,4.80,7
85,Entry long,2015-08-14,1.554149651,1.56479,137020,214407.5258,2188.21,1.02,0,2188.21,1.02,-1172.89,-0.55,47982.69,4.80,7
86,Exit long,2015-08-26,Exit Long 2,1.54678,137020,214407.5258,-2467.73,-1.15,0,2337.56,1.09,-2677.37,-1.25,45514.96,4.55,8
86,Entry long,2015-08-14,1.554149651,1.56479,137020,214407.5258,-2467.73,-1.15,0,2337.56,1.09,-2677.37,-1.25,45514.96,4.55,8
87,Exit short,2015-12-02,SL/TP 1,1.49744,149060,225392.1354,2183.73,0.97,0,2183.73,0.97,-514.26,-0.23,47698.69,4.77,7
87,Entry short,2015-11-23,1.5218521262,1.51209,149060,225392.1354,2183.73,0.97,0,2183.73,0.97,-514.26,-0.23,47698.69,4.77,7
88,Exit short,2015-12-09,Exit Short 2,1.51795,149060,225392.1354,-873.49,-0.39,0,3368.76,1.49,-1047.89,-0.46,46825.2,4.68,12
88,Entry short,2015-11-23,1.5218521262,1.51209,149060,225392.1354,-873.49,-0.39,0,3368.76,1.49,-1047.89,-0.46,46825.2,4.68,12
89,Exit short,2015-12-22,SL/TP 1,1.48084,128081,191870.4612,2202.99,1.15,0,2202.99,1.15,-297.15,-0.15,49028.19,4.90,4
89,Entry short,2015-12-16,1.509503466,1.49804,128081,191870.4612,2202.99,1.15,0,2202.99,1.15,-297.15,-0.15,49028.19,4.90,4
90,Exit short,2016-01-28,Exit Short 2,1.43568,128081,191870.4612,7987.13,4.16,0,11542.66,6.02,-297.15,-0.15,57015.32,5.70,29
90,Entry short,2015-12-16,1.509503466,1.49804,128081,191870.4612,7987.13,4.16,0,11542.66,6.02,-297.15,-0.15,57015.32,5.70,29
91,Exit short,2016-02-22,SL/TP 1,1.40722,101037,144537.47,2356.18,1.63,0,2356.18,1.63,-899.23,-0.62,59371.5,5.94,4
91,Entry short,2016-02-16,1.4460803061,1.43054,101037,144537.47,2356.18,1.63,0,2356.18,1.63,-899.23,-0.62,59371.5,5.94,4
92,Exit short,2016-03-03,Exit Short 2,1.41708,101037,144537.47,1359.96,0.94,0,4744.7,3.28,-899.23,-0.62,60731.46,6.07,12
92,Entry short,2016-02-16,1.4460803061,1.43054,101037,144537.47,1359.96,0.94,0,4744.7,3.28,-899.23,-0.62,60731.46,6.07,12
93,Exit short,2016-04-18,Exit Short 1,1.42746,113117,160641.9764,-828.02,-0.52,0,1256.73,0.78,-1005.61,-0.63,59903.45,5.99,3
93,Entry short,2016-04-13,1.4343492242,1.42014,113117,160641.9764,-828.02,-0.52,0,1256.73,0.78,-1005.61,-0.63,59903.45,5.99,3
94,Exit short,2016-04-18,Exit Short 2,1.42746,113117,160641.9764,-828.02,-0.52,0,1256.73,0.78,-1005.61,-0.63,59075.43,5.91,3
94,Entry short,2016-04-13,1.4343492242,1.42014,113117,160641.9764,-828.02,-0.52,0,1256.73,0.78,-1005.61,-0.63,59075.43,5.91,3
95,Exit short,2016-08-18,Exit Short 1,1.31601,82808,108567.9126,-408.24,-0.38,0,2028.8,1.87,-529.97,-0.49,58667.18,5.87,10
95,Entry short,2016-08-04,1.3302901622,1.31108,82808,108567.9126,-408.24,-0.38,0,2028.8,1.87,-529.97,-0.49,58667.18,5.87,10
96,Exit short,2016-08-18,Exit Short 2,1.31601,82808,108567.9126,-408.24,-0.38,0,2028.8,1.87,-529.97,-0.49,58258.94,5.83,10
96,Entry short,2016-08-04,1.3302901622,1.31108,82808,108567.9126,-408.24,-0.38,0,2028.8,1.87,-529.97,-0.49,58258.94,5.83,10
97,Exit short,2016-11-21,SL/TP 1,1.24864,120249,148564.032,-1583.68,-1.07,0,520.68,0.35,-1583.68,-1.07,56675.26,5.67,1
97,Entry short,2016-11-18,1.2486309582,1.23547,120249,148564.032,-1583.68,-1.07,0,520.68,0.35,-1583.68,-1.07,56675.26,5.67,1
98,Exit short,2016-11-21,BL Exit Short 2,1.24821,120249,148564.032,-1531.97,-1.03,0,520.68,0.35,-1869.87,-1.26,55143.29,5.51,1
98,Entry short,2016-11-18,1.2486309582,1.23547,120249,148564.032,-1531.97,-1.03,0,520.68,0.35,-1869.87,-1.26,55143.29,5.51,1
99,Exit short,2016-11-24,BL Exit Short 1,1.24483,115843,143889.7487,-315.09,-0.22,0,230.53,0.16,-839.86,-0.58,54828.2,5.48,1
99,Entry short,2016-11-23,1.2555025019,1.24211,115843,143889.7487,-315.09,-0.22,0,230.53,0.16,-839.86,-0.58,54828.2,5.48,1
100,Exit short,2016-11-24,BL Exit Short 2,1.24483,115843,143889.7487,-315.09,-0.22,0,230.53,0.16,-839.86,-0.58,54513.11,5.45,1
100,Entry short,2016-11-23,1.2555025019,1.24211,115843,143889.7487,-315.09,-0.22,0,230.53,0.16,-839.86,-0.58,54513.11,5.45,1
101,Exit long,2017-06-08,SL/TP 1,1.28742,173697,225166.895,-1545.9,-0.69,0,248.39,0.11,-1545.9,-0.69,52967.2,5.30,1
101,Entry long,2017-06-07,1.2874244764,1.29632,173697,225166.895,-1545.9,-0.69,0,248.39,0.11,-1545.9,-0.69,52967.2,5.30,1
102,Exit long,2017-06-08,Exit Long 2,1.27237,173697,225166.895,-4160.04,-1.85,0,248.39,0.11,-4510.91,-2.00,48807.16,4.88,1
102,Entry long,2017-06-07,1.2874244764,1.29632,173697,225166.895,-4160.04,-1.85,0,248.39,0.11,-4510.91,-2.00,48807.16,4.88,1
103,Exit short,2017-11-06,SL/TP 1,1.31702,127147,165966.2506,-1488.89,-0.90,0,179.28,0.11,-1488.89,-0.90,47318.27,4.73,2
103,Entry short,2017-11-02,1.3170135531,1.30531,127147,165966.2506,-1488.89,-0.90,0,179.28,0.11,-1488.89,-0.90,47318.27,4.73,2
104,Exit short,2017-11-10,BL Exit Short 2,1.31969,127147,165966.2506,-1828.37,-1.10,0,179.28,0.11,-2241.6,-1.35,45489.9,4.55,6
104,Entry short,2017-11-02,1.3170135531,1.30531,127147,165966.2506,-1828.37,-1.10,0,179.28,0.11,-2241.6,-1.35,45489.9,4.55,6
105,Exit short,2017-11-15,BL Exit Short 1,1.31728,132914,174388.4846,-696.47,-0.40,0,600.77,0.34,-1242.75,-0.71,44793.42,4.48,2
105,Entry short,2017-11-13,1.3231237478,1.31204,132914,174388.4846,-696.47,-0.40,0,600.77,0.34,-1242.75,-0.71,44793.42,4.48,2
106,Exit short,2017-11-15,BL Exit Short 2,1.31728,132914,174388.4846,-696.47,-0.40,0,600.77,0.34,-1242.75,-0.71,44096.95,4.41,2
106,Entry short,2017-11-13,1.3231237478,1.31204,132914,174388.4846,-696.47,-0.40,0,600.77,0.34,-1242.75,-0.71,44096.95,4.41,2
107,Exit short,2018-08-08,SL/TP 1,1.28748,153504,199796.2013,2162.87,1.08,0,2162.87,1.08,-420.6,-0.21,46259.82,4.63,4
107,Entry short,2018-08-02,1.3109571576,1.30157,153504,199796.2013,2162.87,1.08,0,2162.87,1.08,-420.6,-0.21,46259.82,4.63,4
108,Exit short,2018-08-21,Exit Short 2,1.29051,153504,199796.2013,1697.75,0.85,0,5438.65,2.72,-420.6,-0.21,47957.58,4.80,13
108,Entry short,2018-08-02,1.3109571576,1.30157,153504,199796.2013,1697.75,0.85,0,5438.65,2.72,-420.6,-0.21,47957.58,4.80,13
109,Exit short,2019-01-03,SL/TP 1,1.26305,127459,159507.291,-1479.8,-0.93,0,12.75,0.01,-1479.8,-0.93,46477.78,4.65,1
109,Entry short,2019-01-02,1.2630482391,1.25144,127459,159507.291,-1479.8,-0.93,0,12.75,0.01,-1479.8,-0.93,46477.78,4.65,1
110,Exit short,2019-01-04,BL Exit Short 2,1.27263,127459,159507.291,-2700.86,-1.69,0,12.75,0.01,-2929.01,-1.84,43776.93,4.38,2
110,Entry short,2019-01-02,1.2630482391,1.25144,127459,159507.291,-2700.86,-1.69,0,12.75,0.01,-2929.01,-1.84,43776.93,4.38,2
111,Exit short,2019-07-05,SL/TP 1,1.24826,189159,238277.9175,2158.3,0.91,0,2158.3,0.91,-62.42,-0.03,45935.23,4.59,3
111,Entry short,2019-07-02,1.2672708444,1.25967,189159,238277.9175,2158.3,0.91,0,2158.3,0.91,-62.42,-0.03,45935.23,4.59,3
112,Exit short,2019-08-20,Exit Short 2,1.21614,189159,238277.9175,8234.09,3.46,0,11007.16,4.62,-62.42,-0.03,54169.32,5.42,35
112,Entry short,2019-07-02,1.2672708444,1.25967,189159,238277.9175,8234.09,3.46,0,11007.16,4.62,-62.42,-0.03,54169.32,5.42,35
113,Exit long,2019-12-04,SL/TP 1,1.31152,194511,252792.3309,2312.74,0.91,0,2312.74,0.91,-272.32,-0.11,56482.06,5.65,1
113,Entry long,2019-12-03,1.2917040273,1.29963,194511,252792.3309,2312.74,0.91,0,2312.74,0.91,-272.32,-0.11,56482.06,5.65,1
114,Exit long,2019-12-17,Exit Long 2,1.31217,194511,252792.3309,2439.17,0.96,0,10046.49,3.97,-272.32,-0.11,58921.22,5.89,10
114,Entry long,2019-12-03,1.2917040273,1.29963,194511,252792.3309,2439.17,0.96,0,10046.49,3.97,-272.32,-0.11,58921.22,5.89,10
115,Exit long,2020-01-24,BL Exit Long 1,1.307,163816,215311.5596,-1204.05,-0.56,0,442.3,0.21,-1426.84,-0.66,57717.18,5.77,2
115,Entry long,2020-01-22,1.3046488088,1.31435,163816,215311.5596,-1204.05,-0.56,0,442.3,0.21,-1426.84,-0.66,57717.18,5.77,2
116,Exit long,2020-01-24,BL Exit Long 2,1.307,163816,215311.5596,-1204.05,-0.56,0,442.3,0.21,-1426.84,-0.66,56513.13,5.65,2
116,Entry long,2020-01-22,1.3046488088,1.31435,163816,215311.5596,-1204.05,-0.56,0,442.3,0.21,-1426.84,-0.66,56513.13,5.65,2
117,Exit short,2020-02-25,SL/TP 1,1.30164,171764,222008.4053,-1566.49,-0.71,0,1313.99,0.59,-1566.49,-0.71,54946.64,5.49,4
117,Entry short,2020-02-19,1.3016320714,1.29252,171764,222008.4053,-1566.49,-0.71,0,1313.99,0.59,-1566.49,-0.71,54946.64,5.49,4
118,Exit short,2020-02-25,BL Exit Short 2,1.3002,171764,222008.4053,-1319.15,-0.59,0,1313.99,0.59,-1587.1,-0.71,53627.49,5.36,4
118,Entry short,2020-02-19,1.3016320714,1.29252,171764,222008.4053,-1319.15,-0.59,0,1313.99,0.59,-1587.1,-0.71,53627.49,5.36,4
119,Exit short,2020-02-28,SL/TP 1,1.27669,167681,216402.3914,2325.74,1.07,0,2325.74,1.07,-677.43,-0.31,55953.23,5.60,2
119,Entry short,2020-02-26,1.2998005413,1.29056,167681,216402.3914,2325.74,1.07,0,2325.74,1.07,-677.43,-0.31,55953.23,5.60,2
120,Exit short,2020-03-05,Exit Short 2,1.29486,167681,216402.3914,-721.03,-0.33,0,3024.97,1.40,-1042.98,-0.48,55232.2,5.52,6
120,Entry short,2020-02-26,1.2998005413,1.29056,167681,216402.3914,-721.03,-0.33,0,3024.97,1.40,-1042.98,-0.48,55232.2,5.52,6
121,Exit short,2020-03-12,SL/TP 1,1.264,131906,169058.644,2329.46,1.38,0,2329.46,1.38,-420.78,-0.25,57561.66,5.76,1
121,Entry short,2020-03-11,1.2934283961,1.28166,131906,169058.644,2329.46,1.38,0,2329.46,1.38,-420.78,-0.25,57561.66,5.76,1
122,Exit short,2020-03-26,Exit Short 2,1.21914,131906,169058.644,8246.76,4.88,0,18563.13,10.98,-420.78,-0.25,65808.42,6.58,11
122,Entry short,2020-03-11,1.2934283961,1.28166,131906,169058.644,8246.76,4.88,0,18563.13,10.98,-420.78,-0.25,65808.42,6.58,11
123,Exit long,2020-11-04,SL/TP 1,1.29935,132627,173988.0562,-1659.16,-0.95,0,273.21,0.16,-1659.16,-0.95,64149.26,6.41,1
123,Entry long,2020-11-03,1.2993581385,1.31186,132627,173988.0562,-1659.16,-0.95,0,273.21,0.16,-1659.16,-0.95,64149.26,6.41,1
124,Exit long,2020-11-04,BL Exit Long 2,1.29651,132627,173988.0562,-2035.82,-1.17,0,273.21,0.16,-2718.85,-1.56,62113.43,6.21,1
124,Entry long,2020-11-03,1.2993581385,1.31186,132627,173988.0562,-2035.82,-1.17,0,273.21,0.16,-2718.85,-1.56,62113.43,6.21,1
125,Exit long,2020-11-23,SL/TP 1,1.33451,118743,156000.9911,2462.73,1.58,0,2462.73,1.58,-545.03,-0.35,64576.16,6.46,12
125,Entry long,2020-11-05,1.29994615,1.31377,118743,156000.9911,2462.73,1.58,0,2462.73,1.58,-545.03,-0.35,64576.16,6.46,12
126,Exit long,2020-12-10,Exit Long 2,1.3301,118743,156000.9911,1939.07,1.24,0,4755.66,3.05,-545.03,-0.35,66515.23,6.65,25
126,Entry long,2020-11-05,1.29994615,1.31377,118743,156000.9911,1939.07,1.24,0,4755.66,3.05,-545.03,-0.35,66515.23,6.65,25
127,Exit long,2021-02-10,SL/TP 1,1.38338,154035,210590.4906,2498.45,1.19,0,2498.45,1.19,-90.88,-0.04,69013.69,6.90,4
127,Entry long,2021-02-04,1.3563497947,1.36716,154035,210590.4906,2498.45,1.19,0,2498.45,1.19,-90.88,-0.04,69013.69,6.90,4
128,Exit long,2021-02-26,Exit Long 2,1.39247,154035,210590.4906,3898.63,1.85,0,8676.79,4.12,-90.88,-0.04,72912.31,7.29,16
128,Entry long,2021-02-04,1.3563497947,1.36716,154035,210590.4906,3898.63,1.85,0,8676.79,4.12,-90.88,-0.04,72912.31,7.29,16
129,Exit short,2021-04-16,SL/TP 1,1.3838,178282,244977.2962,-1729.34,-0.71,0,1292.54,0.53,-1729.34,-0.71,71182.98,7.12,7
129,Entry short,2021-04-07,1.3837987743,1.3741,178282,244977.2962,-1729.34,-0.71,0,1292.54,0.53,-1729.34,-0.71,71182.98,7.12,7
130,Exit short,2021-04-16,Exit Short 2,1.38359,178282,244977.2962,-1691.9,-0.69,0,1292.54,0.53,-1768.56,-0.72,69491.08,6.95,7
130,Entry short,2021-04-07,1.3837987743,1.3741,178282,244977.2962,-1691.9,-0.69,0,1292.54,0.53,-1768.56,-0.72,69491.08,6.95,7
131,Exit short,2021-08-19,SL/TP 1,1.3687,206408,285053.5762,2542.95,0.89,0,2542.95,0.89,-1397.38,-0.49,72034.02,7.20,5
131,Entry short,2021-08-12,1.3892314558,1.38102,206408,285053.5762,2542.95,0.89,0,2542.95,0.89,-1397.38,-0.49,72034.02,7.20,5
132,Exit short,2021-08-30,Exit Short 2,1.37586,206408,285053.5762,1065.07,0.37,0,4305.67,1.51,-1397.38,-0.49,73099.09,7.31,12
132,Entry short,2021-08-12,1.3892314558,1.38102,206408,285053.5762,1065.07,0.37,0,4305.67,1.51,-1397.38,-0.49,73099.09,7.31,12
133,Exit long,2022-02-04,SL/TP 1,1.35161,213446,290226.7951,-1731.05,-0.60,0,367.13,0.13,-1731.05,-0.60,71368.05,7.14,1
133,Entry long,2022-02-03,1.351610285,1.35972,213446,290226.7951,-1731.05,-0.60,0,367.13,0.13,-1731.05,-0.60,71368.05,7.14,1
134,Exit long,2022-02-04,BL Exit Long 2,1.35277,213446,290226.7951,-1483.45,-0.51,0,367.13,0.13,-1978.64,-0.68,69884.59,6.99,1
134,Entry long,2022-02-03,1.351610285,1.35972,213446,290226.7951,-1483.45,-0.51,0,367.13,0.13,-1978.64,-0.68,69884.59,6.99,1
135,Exit long,2022-02-23,BL Exit Long 1,1.35444,210082,284375.3985,168.07,0.06,0,2245.78,0.79,-1063.01,-0.37,70052.66,7.01,12
135,Entry long,2022-02-07,1.3454827968,1.35364,210082,284375.3985,168.07,0.06,0,2245.78,0.79,-1063.01,-0.37,70052.66,7.01,12
136,Exit long,2022-02-23,BL Exit Long 2,1.35444,210082,284375.3985,168.07,0.06,0,2245.78,0.79,-1063.01,-0.37,70220.73,7.02,12
136,Entry long,2022-02-07,1.3454827968,1.35364,210082,284375.3985,168.07,0.06,0,2245.78,0.79,-1063.01,-0.37,70220.73,7.02,12
137,Exit short,2022-08-10,SL/TP 1,1.21981,133831,161546.0618,-1702.33,-1.05,0,82.98,0.05,-1702.33,-1.05,68518.4,6.85,1
137,Entry short,2022-08-09,1.2198090522,1.20709,133831,161546.0618,-1702.33,-1.05,0,82.98,0.05,-1702.33,-1.05,68518.4,6.85,1
138,Exit short,2022-08-10,BL Exit Short 2,1.22101,133831,161546.0618,-1862.93,-1.15,0,82.98,0.05,-2743.54,-1.70,66655.47,6.67,1
138,Entry short,2022-08-09,1.2198090522,1.20709,133831,161546.0618,-1862.93,-1.15,0,82.98,0.05,-2743.54,-1.70,66655.47,6.67,1
139,Exit long,2023-01-18,SL/TP 1,1.23954,117827,143550.9906,2500.29,1.74,0,2500.29,1.74,-1121.71,-0.78,69155.76,6.92,7
139,Entry long,2023-01-09,1.2041759257,1.21832,117827,143550.9906,2500.29,1.74,0,2500.29,1.74,-1121.71,-0.78,69155.76,6.92,7
140,Exit long,2023-01-31,Exit Long 2,1.23078,117827,143550.9906,1468.12,1.02,0,3112.99,2.17,-1121.71,-0.78,70623.88,7.06,16
140,Entry long,2023-01-09,1.2041759257,1.21832,117827,143550.9906,1468.12,1.02,0,3112.99,2.17,-1121.71,-0.78,70623.88,7.06,16
141,Exit short,2023-09-06,SL/TP 1,1.25251,175815,222769.912,2559.87,1.15,0,2559.87,1.15,-731.39,-0.33,73183.75,7.32,4
141,Entry short,2023-08-31,1.2767747312,1.26707,175815,222769.912,2559.87,1.15,0,2559.87,1.15,-731.39,-0.33,73183.75,7.32,4
142,Exit short,2023-10-06,Exit Short 2,1.22331,175815,222769.912,7693.66,3.45,0,11143.15,5.00,-731.39,-0.33,80877.41,8.09,26
142,Entry short,2023-08-31,1.2767747312,1.26707,175815,222769.912,7693.66,3.45,0,11143.15,5.00,-731.39,-0.33,80877.41,8.09,26
143,Exit short,2023-10-31,SL/TP 1,1.21971,189378,229175.7867,-1810.45,-0.79,0,615.48,0.27,-1810.45,-0.79,79066.96,7.91,4
143,Entry short,2023-10-25,1.2197010955,1.21015,189378,229175.7867,-1810.45,-0.79,0,615.48,0.27,-1810.45,-0.79,79066.96,7.91,4
144,Exit short,2023-11-01,BL Exit Short 2,1.21808,189378,229175.7867,-1501.77,-0.66,0,615.48,0.27,-1874.84,-0.82,77565.2,7.76,5
144,Entry short,2023-10-25,1.2197010955,1.21015,189378,229175.7867,-1501.77,-0.66,0,615.48,0.27,-1874.84,-0.82,77565.2,7.76,5
145,Exit short,2024-11-12,SL/TP 1,1.27722,182210,235386.1664,2663.91,1.13,0,2663.91,1.13,-125.72,-0.05,80229.1,8.02,2
145,Entry short,2024-11-08,1.3015850898,1.29184,182210,235386.1664,2663.91,1.13,0,2663.91,1.13,-125.72,-0.05,80229.1,8.02,2
146,Exit short,2024-11-27,Exit Short 2,1.26789,182210,235386.1664,4363.93,1.85,0,7862.36,3.34,-125.72,-0.05,84593.03,8.46,13
146,Entry short,2024-11-08,1.3015850898,1.29184,182210,235386.1664,4363.93,1.85,0,7862.36,3.34,-125.72,-0.05,84593.03,8.46,13
147,Exit short,2024-12-19,SL/TP 1,1.26644,201716,253613.4925,-1847.72,-0.73,0,1571.37,0.62,-1847.72,-0.73,82745.31,8.27,1
147,Entry short,2024-12-18,1.2664311084,1.25728,201716,253613.4925,-1847.72,-0.73,0,1571.37,0.62,-1847.72,-0.73,82745.31,8.27,1
148,Exit short,2025-01-21,Exit Short 2,1.23546,201716,253613.4925,4401.44,1.74,0,9549.24,3.77,-1894.11,-0.75,87146.76,8.71,22
148,Entry short,2024-12-18,1.2664311084,1.25728,201716,253613.4925,4401.44,1.74,0,9549.24,3.77,-1894.11,-0.75,87146.76,8.71,22
149,Exit long,2025-04-16,SL/TP 1,1.32593,151101,197541.8924,2807.46,1.42,0,2807.46,1.42,-158.66,-0.08,89954.21,9.00,3
149,Entry long,2025-04-11,1.2949644727,1.30735,151101,197541.8924,2807.46,1.42,0,2807.46,1.42,-158.66,-0.08,89954.21,9.00,3
150,Exit long,2025-05-01,Exit Long 2,1.32777,151101,197541.8924,3085.48,1.56,0,5592.25,2.83,-158.66,-0.08,93039.7,9.30,14
150,Entry long,2025-04-11,1.2949644727,1.30735,151101,197541.8924,3085.48,1.56,0,5592.25,2.83,-158.66,-0.08,93039.7,9.30,14
151,Exit long,2025-09-17,SL/TP 1,1.36789,214952,291133.1383,2897.55,1.00,0,2897.55,1.00,-1100.55,-0.38,95937.25,9.59,7
151,Entry long,2025-09-08,1.3454294356,1.35441,214952,291133.1383,2897.55,1.00,0,2897.55,1.00,-1100.55,-0.38,95937.25,9.59,7
152,Exit long,2025-09-19,Exit Long 2,1.34692,214952,291133.1383,-1609.99,-0.55,0,3901.38,1.34,-1754.01,-0.60,94327.26,9.43,9
152,Entry long,2025-09-08,1.3454294356,1.35441,214952,291133.1383,-1609.99,-0.55,0,3901.38,1.34,-1754.01,-0.60,94327.26,9.43,9
153,Exit long,2026-01-23,SL/TP 1,1.36125,260464,351639.4232,2917.2,0.83,0,2917.2,0.83,-583.44,-0.17,97244.45,9.72,1
153,Entry long,2026-01-22,1.3425892003,1.35005,260464,351639.4232,2917.2,0.83,0,2917.2,0.83,-583.44,-0.17,97244.45,9.72,1
154,Exit long,2026-02-05,Exit Long 2,1.35272,260464,351639.4232,695.44,0.20,0,9574.66,2.72,-583.44,-0.17,97939.89,9.79,10
154,Entry long,2026-01-22,1.3425892003,1.35005,260464,351639.4232,695.44,0.20,0,9574.66,2.72,-583.44,-0.17,97939.89,9.79,10