n,total_R,expectancy_R,win_rate,profit_factor,sharpe,sortino,max_dd_R,max_dd_frac,calmar,luck_floor_p95,null_mean,margin_vs_floor_R,net_of_structure_R,beats_floor,p_value,n_crisis_trades,bars_failed,passes_bars,verdict,sid,src_label,src_mode,src_rank,slice,c1,c2,vol,base,exit_ind,risk_atr_len,risk_atr_mult,risk_tp_mult,risk_trail_mult,risk_trail_arm,risk_be_pct
281,93.27140593003632,0.3319267114947912,0.37722419928825623,2.340034166331191,1.129701472946817,9.35722944247469,6.165241605279974,0.0378525594666004,15.128588934804723,0.14510194326382367,-0.0007626462916137111,0.18682476823096753,0.3326893577864049,True,0.0,23,,True,PASS,B|trend|lemantrend_signals|rex_oscillator_signals|variance_volume_signals|fantail_vma,B,B,1,trend,lemantrend_signals,rex_oscillator_signals,variance_volume_signals,fantail_vma,adx_dmi_exit,9,1.0,3.0,1.3,1.15,0.05
137,89.2859905578423,0.6517225588163671,0.43795620437956206,2.5417166115233774,1.3720470919353964,7.510122445404246,4.404455014301309,0.029921701217526932,20.271745373248176,0.2497610892511847,0.0016035328745772595,0.4019614695651824,0.6501190259417898,True,0.0,13,,True,PASS,B|chop|parabolic_sar_signals|waddah_attar_explosion_signals|variance_volume_signals|ema_baseline,B,B,2,chop,parabolic_sar_signals,waddah_attar_explosion_signals,variance_volume_signals,ema_baseline,adx_dmi_exit,4,1.0,2.7,1.5,2.0,0.05
128,79.17089918031324,0.6185226498461972,0.4296875,2.2854589146064628,1.255056158159466,7.97822810115725,8.338983576915666,0.05924235620197614,9.494070644230256,0.2651022586346517,0.000769738000231715,0.3534203912115455,0.6177529118459655,True,0.0,18,,True,PASS,B|chop|bears_bulls_impulse_signals|ssl_channel_signals|variance_volume_signals|kama_baseline,B,B,3,chop,bears_bulls_impulse_signals,ssl_channel_signals,variance_volume_signals,kama_baseline,adx_dmi_exit,2,1.05,2.9,1.5,2.0,0.05
105,72.57505074458852,0.6911909594722716,0.47619047619047616,2.6154731824398576,1.5331357409983706,9.393093849612384,3.9999999999999996,0.03404255319148938,18.143762686147134,0.2736280947238463,-0.00361762666186686,0.4175628647484253,0.6948085861341384,True,0.0,12,,True,PASS,B|chop|lemantrend_signals|dpo_signals|ttm_squeeze_volume_signals|sma_baseline,B,B,4,chop,lemantrend_signals,dpo_signals,ttm_squeeze_volume_signals,sma_baseline,adx_dmi_exit,11,1.0,2.35,1.5,2.0,0.05
193,76.82606854505462,0.3980625313215266,0.41968911917098445,3.1067309824063885,1.2906131974748376,7.913270280125346,8.625935814749944,0.07613827734609198,8.906403918944733,0.18505887559924858,0.00314196359696902,0.213003655722278,0.3949205677245576,True,0.0,9,,True,PASS,B|trend|relative_vigor_index_signals|center_of_gravity_signals|damiani_volatmeter_volume_signals|mcginley_dynamic_index,B,B,5,trend,relative_vigor_index_signals,center_of_gravity_signals,damiani_volatmeter_volume_signals,mcginley_dynamic_index,adx_dmi_exit,49,1.0,2.95,1.6,1.2,0.12
120,74.18649428536116,0.618220785711343,0.425,2.279828418676333,1.2093581246621445,8.281925076000585,6.0082774984746266,0.04546474091123271,12.347381475671776,0.28363378872155026,0.0012033770158870422,0.3345869969897927,0.617017408695456,True,0.0,6,,True,PASS,B|chop|bears_bulls_impulse_signals|schaff_trend_cycle_signals|variance_volume_signals|t3_baseline,B,B,6,chop,bears_bulls_impulse_signals,schaff_trend_cycle_signals,variance_volume_signals,t3_baseline,adx_dmi_exit,12,1.0,2.95,1.5,2.0,0.05
192,69.49252844641201,0.36194025232506255,0.3854166666666667,2.452337260050257,1.1562411209602212,8.480702185176476,5.2419053468167505,0.04467230315237314,13.25711241402188,0.18049302225715447,-0.00010186382464006893,0.18144723006790808,0.3620421161497026,True,0.0,30,,True,PASS,B|trend|coral_signals|fx_sniper_ergodic_cci_signals|williams_vix_fix_volume_signals|rma_baseline,B,B,7,trend,coral_signals,fx_sniper_ergodic_cci_signals,williams_vix_fix_volume_signals,rma_baseline,adx_dmi_exit,17,1.0,2.55,1.55,1.55,0.01
192,95.4118570570978,0.49693675550571775,0.4427083333333333,2.1437571066591365,1.2041465986629236,6.235286225574697,4.799413346529462,0.026837622172139034,19.879899931122154,0.17449960694938438,-0.00045120817036456076,0.3224371485563334,0.4973879636760823,True,0.0,9,,True,PASS,B|chop|dpo_signals|waddah_attar_explosion_signals|choppiness_index_volume_signals|sma_baseline,B,B,8,chop,dpo_signals,waddah_attar_explosion_signals,choppiness_index_volume_signals,sma_baseline,adx_dmi_exit,28,1.0,2.15,1.5,2.0,0.05
265,77.57380529435649,0.2927313407334207,0.35471698113207545,2.1666227373950995,0.9286820168668873,6.84787362019832,13.924670540008304,0.09665336368838526,5.570961630400645,0.15538263418111498,-0.0007728446185629746,0.13734870655230574,0.2935041853519837,True,0.001,3,sharpe,False,FAIL,B|trend|bears_bulls_impulse_signals|rex_oscillator_signals|variance_volume_signals|ema_baseline,B,B,9,trend,bears_bulls_impulse_signals,rex_oscillator_signals,variance_volume_signals,ema_baseline,adx_dmi_exit,41,1.0,2.95,1.55,1.7,0.01
165,67.48757725947726,0.40901561975440764,0.44242424242424244,3.527143790322955,1.4297881354919706,7.875443682661328,5.868385296854306,0.062301940124286456,11.500195342601883,0.17818688780471112,-0.0025762197941055116,0.23082873194969653,0.41159183954851314,True,0.0,7,,True,PASS,B|trend|relative_vigor_index_signals|center_of_gravity_signals|damiani_volatmeter_volume_signals|ema_baseline,B,B,10,trend,relative_vigor_index_signals,center_of_gravity_signals,damiani_volatmeter_volume_signals,ema_baseline,adx_dmi_exit,25,1.0,2.95,1.5,1.75,0.1
220,66.63844293312107,0.3029020133323685,0.36363636363636365,2.1962599300428702,0.8952677963599199,7.614715609834157,4.727917780930028,0.03864442879922285,14.094670428048905,0.17295503242732482,-0.00031052448481918915,0.12994698090504367,0.30321253781718766,True,0.001,10,sharpe,False,FAIL,B|trend|qqe_mod_signals|polychromatic_momentum_signals|chaikin_volatility_volume_signals|tma_baseline,B,B,11,trend,qqe_mod_signals,polychromatic_momentum_signals,chaikin_volatility_volume_signals,tma_baseline,adx_dmi_exit,15,1.0,2.7,1.95,1.7,0.01
223,114.82511314710972,0.5149108212874876,0.36771300448430494,2.093631714060124,1.0444059369057501,5.716143661492247,8.318315037443313,0.03784158248157335,13.803890887787528,0.19746200053058782,-0.0012165655377613343,0.31744882075689973,0.5161273868252488,True,0.0,10,sharpe,False,FAIL,B|chop|dspo_signals|dpo_signals|variance_volume_signals|rma_baseline,B,B,12,chop,dspo_signals,dpo_signals,variance_volume_signals,rma_baseline,adx_dmi_exit,5,1.0,3.0,1.5,2.0,0.05
448,106.45059869136918,0.2376129435075205,0.37276785714285715,2.0926817541597234,0.9557792430901976,5.7416610226025915,8.025845716203321,0.03936707992903498,13.263474337222412,0.09561987038450281,9.728666823850514e-05,0.14199307312301768,0.237515656839282,True,0.0,16,sharpe,False,FAIL,B|trend|lemantrend_signals|rex_oscillator_signals|volatility_ratio_volume_signals|fantail_vma,B,B,13,trend,lemantrend_signals,rex_oscillator_signals,volatility_ratio_volume_signals,fantail_vma,adx_dmi_exit,13,1.0,2.8,1.4,1.05,0.01
282,73.29247988306267,0.25990241093284633,0.38652482269503546,2.137187243919923,0.9540481134427723,6.435777621714849,8.867271859889815,0.06437541076945234,8.265504998735135,0.12793619057947347,0.00011227285477638898,0.13196622035337285,0.25979013807806994,True,0.0,16,sharpe,False,FAIL,B|trend|ssl_channel_signals|vortex_signals|variance_volume_signals|ema_baseline,B,B,14,trend,ssl_channel_signals,vortex_signals,variance_volume_signals,ema_baseline,adx_dmi_exit,26,1.0,2.25,1.4,1.25,0.01
253,72.30042108554305,0.2857724153578777,0.40711462450592883,2.3154654776949153,0.9512978971341651,6.576754251282438,6.0726876228032864,0.04771789310491992,11.905835698521832,0.14285046864340972,-9.246226936443742e-05,0.14292194671446795,0.2858648776272421,True,0.0004,15,sharpe,False,FAIL,B|trend|coral_signals|polychromatic_momentum_signals|chaikin_volatility_volume_signals|wma_baseline,B,B,15,trend,coral_signals,polychromatic_momentum_signals,chaikin_volatility_volume_signals,wma_baseline,adx_dmi_exit,4,1.0,2.85,1.75,2.0,0.05
216,61.15038881085016,0.2831036519020841,0.37037037037037035,2.0178913592189476,0.9490167822343617,8.957360944297882,6.046179700320579,0.049875294734168615,10.113888743268392,0.16127442740023923,-0.0005846944139663453,0.12182922450184486,0.28368834631605044,True,0.0016,6,sharpe,False,FAIL,B|trend|glitch_index_signals|coral_signals|chaikin_volatility_volume_signals|mcginley_dynamic_index,B,B,16,trend,glitch_index_signals,coral_signals,chaikin_volatility_volume_signals,mcginley_dynamic_index,adx_dmi_exit,32,1.0,2.9,0.6,2.0,0.05
200,63.83136241265593,0.3191568120632796,0.39,2.349775749552688,1.0190227401857874,7.642031142269252,5.799503755261343,0.05219055601833666,11.006349009559267,0.17914021213811315,0.0009659826166153205,0.14001659992516646,0.31819082944666427,True,0.001,10,sharpe,False,FAIL,B|trend|fisher_transform_signals|center_of_gravity_signals|williams_vix_fix_volume_signals|rma_baseline,B,B,17,trend,fisher_transform_signals,center_of_gravity_signals,williams_vix_fix_volume_signals,rma_baseline,adx_dmi_exit,9,1.0,2.95,1.4,1.85,0.05
108,63.82168145724032,0.5909414949744474,0.42592592592592593,2.1865608944916626,1.2071823610442796,7.619237225984829,6.000000000000007,0.05101659426311367,10.63694690954004,0.2921979095879408,-0.002695451427784718,0.2987435853865066,0.5936369464022321,True,0.0,6,,True,PASS,B|chop|dspo_signals|qqe_mod_signals|waddah_attar_explosion_volume_signals|sma_baseline,B,B,18,chop,dspo_signals,qqe_mod_signals,waddah_attar_explosion_volume_signals,sma_baseline,adx_dmi_exit,8,1.0,2.65,1.5,2.0,0.05
127,70.06831386452457,0.55171900680728,0.4251968503937008,2.305363309498902,1.212303272889724,6.350692477555085,6.585455791763163,0.053217711720903484,10.639857905076722,0.2342705079697085,-0.002986684539884591,0.31744849883757154,0.5547056913471646,True,0.0,3,,True,PASS,B|chop|volatility_quality_signals|coral_signals|waddah_attar_explosion_volume_signals|fantail_vma,B,B,19,chop,volatility_quality_signals,coral_signals,waddah_attar_explosion_volume_signals,fantail_vma,adx_dmi_exit,10,1.0,2.7,1.5,2.0,0.05
110,59.421566762400474,0.5401960614763679,0.4090909090909091,2.032010831506915,1.1081901420764229,8.527778726227778,7.798774656939173,0.06665619364905276,7.619346548182221,0.2762226418818459,-0.00652991093445687,0.263973419594522,0.5467259724108248,True,0.0004,6,,True,PASS,B|chop|glitch_index_signals|rex_oscillator_signals|variance_volume_signals|ema_baseline,B,B,20,chop,glitch_index_signals,rex_oscillator_signals,variance_volume_signals,ema_baseline,adx_dmi_exit,27,1.0,2.6,1.5,2.0,0.05
110,65.32607098085406,0.5938733725532187,0.4090909090909091,2.384172956667971,1.2134047397153678,6.879980008432857,4.216055525164865,0.03746902444661516,15.494594554301923,0.2820356759690617,0.0008706759255895722,0.311837696584157,0.5930026966276292,True,0.0,7,,True,PASS,B|chop|ichimoku_signals|price_momentum_oscillator_signals|choppiness_index_volume_signals|rma_baseline,B,B,21,chop,ichimoku_signals,price_momentum_oscillator_signals,choppiness_index_volume_signals,rma_baseline,adx_dmi_exit,37,1.0,3.0,1.5,2.0,0.05
275,72.73505612897813,0.2644911131962841,0.36,2.3552930628036863,1.0692232664184,6.050297029984746,9.448120197734728,0.07474633342050026,7.698362701441607,0.11829139468995374,0.0006417982066117114,0.14619971850633035,0.2638493149896724,True,0.0,13,sharpe,False,FAIL,B|trend|lemantrend_signals|aroon_signals|volatility_ratio_volume_signals|kama_baseline,B,B,22,trend,lemantrend_signals,aroon_signals,volatility_ratio_volume_signals,kama_baseline,adx_dmi_exit,21,1.0,2.4,0.55,2.0,0.01
192,62.97918278671612,0.3280165770141465,0.3854166666666667,2.517518229367565,1.1082214800357584,7.099497840325723,7.270904979444403,0.06959094611351732,8.661807981917624,0.16497942927669235,-0.0022285317702821937,0.16303714773745415,0.3302451087844287,True,0.0004,4,,True,PASS,B|trend|lemantrend_signals|kalman_filter_signals|chaikin_volatility_volume_signals|mcginley_dynamic_index,B,B,23,trend,lemantrend_signals,kalman_filter_signals,chaikin_volatility_volume_signals,mcginley_dynamic_index,adx_dmi_exit,45,1.0,2.95,1.2,1.0,0.01
133,68.81310350743833,0.517391755695025,0.37593984962406013,1.9950569477382465,1.029425503890495,6.309582603404734,6.435419376730195,0.04664427510600464,10.692870111349594,0.25932204354630234,0.0019823618715570724,0.2580697121487227,0.515409393823468,True,0.0004,7,sharpe,False,FAIL,B|chop|bears_bulls_impulse_signals|ichimoku_signals|variance_volume_signals|t3_baseline,B,B,24,chop,bears_bulls_impulse_signals,ichimoku_signals,variance_volume_signals,t3_baseline,adx_dmi_exit,15,1.0,2.85,1.5,2.0,0.05
296,72.55964798655027,0.2451339459005077,0.40878378378378377,2.1752759388809864,1.010571302414168,5.9526152896102,12.405663182033067,0.0923741186102781,5.848913268227152,0.11191885141207984,4.8222434354233855e-05,0.13321509448842783,0.24508572346615345,True,0.0002,8,sharpe,False,FAIL,B|trend|relative_vigor_index_signals|waddah_attar_explosion_signals|volatility_ratio_volume_signals|t3_baseline,B,B,25,trend,relative_vigor_index_signals,waddah_attar_explosion_signals,volatility_ratio_volume_signals,t3_baseline,adx_dmi_exit,5,1.0,2.5,1.45,1.0,0.06
