date,USD,GBP,CHF
1990-01-02,7.87,11.938172938144552,
1990-01-03,7.94,11.959631367620903,6.147
1990-01-04,7.92,11.917769619142678,6.147
1990-01-05,7.9,11.876286956433754,6.147
1990-01-08,7.9,11.954071972040634,6.444
1990-01-09,7.91,12.06883197220332,6.444
1990-01-10,7.91,12.10904529466021,6.444
1990-01-11,7.91,12.161686589504061,6.444
1990-01-12,7.93,12.153915329242015,6.444
1990-01-16,8.1,12.452152118198294,6.444
1990-01-17,8.09,12.617795094246532,6.444
1990-01-18,8.25,12.77001213682952,6.444
1990-01-19,8.2,12.636145651768583,6.444
1990-01-22,8.18,12.735780586826225,6.8134999999999994
1990-01-23,8.18,12.724741349244436,6.8134999999999994
1990-01-24,8.2,12.619685096013388,6.8134999999999994
1990-01-25,8.24,12.509136908335755,6.8134999999999994
1990-01-26,8.28,12.525386577098802,6.8134999999999994
1990-01-29,8.3,12.467185688692924,6.8415
1990-01-30,8.3,12.487853824498812,6.8415
1990-01-31,8.28,12.46462890532527,6.808
1990-02-01,8.28,12.40988866625169,6.808
1990-02-02,8.37,12.43721665760728,6.808
1990-02-05,8.37,12.514390524262131,6.732
1990-02-06,8.42,12.477197225128995,6.732
1990-02-07,8.42,12.502346530012831,6.732
1990-02-08,8.37,12.429715337362852,6.732
1990-02-09,8.25,12.504237818372266,6.732
1990-02-12,8.32,12.546014280342552,6.7925
1990-02-13,8.21,12.460920969104196,6.7925
1990-02-14,8.27,12.507355661908031,6.7925
1990-02-15,8.35,12.639193937828422,6.7925
1990-02-16,8.36,12.728460979618545,6.7925
1990-02-20,8.52,12.913641322408619,6.7925
1990-02-21,8.5,12.795923145901991,6.7925
1990-02-22,8.45,12.795261761039983,6.7925
1990-02-23,8.43,12.723474851149783,6.7925
1990-02-26,8.38,12.715181061167884,6.88
1990-02-27,8.34,12.690221166835597,6.88
1990-02-28,8.43,12.865682935641216,6.932
1990-03-01,8.53,13.01629150471376,6.932
1990-03-02,8.48,13.061852349498698,6.932
1990-03-05,8.55,13.256695135500983,6.9065
1990-03-06,8.54,13.311136823942302,6.9065
1990-03-07,8.54,13.269657575968061,6.9065
1990-03-08,8.59,13.208827891616393,6.9065
1990-03-09,8.73,13.438367337477054,6.9065
1990-03-12,8.71,13.421133369615745,6.8515
1990-03-13,8.77,13.497192582299189,6.8515
1990-03-14,8.69,13.409344683557414,6.8515
1990-03-15,8.71,13.440799741442696,6.8515
1990-03-16,8.64,13.339397955207602,6.8515
1990-03-19,8.68,13.425442790835177,6.8185
1990-03-20,8.68,13.485386218947609,6.8185
1990-03-21,8.69,13.601368177356537,6.8185
1990-03-22,8.62,13.542248283441937,6.8185
1990-03-23,8.61,13.548306648512193,6.8185
1990-03-26,8.61,13.340572057912107,6.908
1990-03-27,8.59,13.413157428365018,6.908
1990-03-28,8.57,13.425806055472082,6.908
1990-03-29,8.62,13.380993123627302,6.908
1990-03-30,8.64,13.391360263883097,7.052
1990-04-02,8.62,13.363097568068355,7.186999999999999
1990-04-03,8.61,13.3327876260577,7.186999999999999
1990-04-04,8.54,13.211894354722403,7.186999999999999
1990-04-05,8.54,13.129240289077144,7.186999999999999
1990-04-06,8.52,13.229650554400946,7.186999999999999
1990-04-09,8.54,13.295740554086679,7.0489999999999995
1990-04-10,8.54,13.355212319337129,7.0489999999999995
1990-04-11,8.56,13.36049687130443,7.0489999999999995
1990-04-12,8.57,13.423510197582583,7.0489999999999995
1990-04-13,8.57,13.423510197582583,7.0489999999999995
1990-04-16,8.61,13.423510197582583,7.0489999999999995
1990-04-17,8.7,13.520321172006893,7.021
1990-04-18,8.79,13.555538528230644,7.021
1990-04-19,8.81,13.53824878119008,7.021
1990-04-20,8.82,13.500980092063813,7.021
1990-04-23,8.87,13.534074190058924,7.1015
1990-04-24,8.92,13.511777592506698,7.1015
1990-04-25,8.95,13.607493214793594,7.1015
1990-04-26,9.03,13.638055711559971,7.1015
1990-04-27,8.98,13.69563715705453,7.1015
1990-04-30,8.96,13.724548202920717,7.225
1990-05-01,9.02,13.707089334839786,7.225
1990-05-02,9.05,13.742006893044795,7.225
1990-05-03,8.98,13.642490334902979,7.225
1990-05-04,8.7,13.314732996154143,7.225
1990-05-07,8.74,13.314732996154143,7.246
1990-05-08,8.68,13.355154120917826,7.246
1990-05-09,8.75,13.38551968722515,7.246
1990-05-10,8.69,13.337372112683218,7.246
1990-05-11,8.55,13.248122666242725,7.246
1990-05-14,8.51,13.148475202387594,6.9415
1990-05-15,8.54,13.149729475824836,6.9415
1990-05-16,8.54,13.154063543749272,6.9415
1990-05-17,8.56,12.678587318147125,6.9415
1990-05-18,8.63,12.613778508890519,6.9415
1990-05-21,8.61,12.402243857124194,6.786
1990-05-22,8.54,12.394198545709724,6.786
1990-05-23,8.51,12.513974899168566,6.786
1990-05-24,8.5,12.640723882864657,6.786
1990-05-25,8.53,12.727862304427811,6.786
1990-05-29,8.52,12.718019054002555,6.786
1990-05-30,8.48,12.64497163056714,6.786
1990-05-31,8.5,12.68904547578978,6.6
1990-06-01,8.33,12.533221121347621,6.6
1990-06-04,8.31,12.48420100458154,6.6
1990-06-05,8.34,12.525825342274711,6.5735
1990-06-06,8.34,12.6129930934756,6.5735
1990-06-07,8.34,12.521544300766447,6.5735
1990-06-08,8.33,12.489461676716692,6.5735
1990-06-11,8.36,12.544414489798278,6.676
1990-06-12,8.36,12.4608531641874,6.676
1990-06-13,8.27,12.327900022262417,6.676
1990-06-14,8.24,12.184983712911357,6.676
1990-06-15,8.33,12.292232929499827,6.676
1990-06-18,8.39,12.429576395348779,6.6705000000000005
1990-06-19,8.41,12.419518777968161,6.6705000000000005
1990-06-20,8.43,12.244938118793527,6.6705000000000005
1990-06-21,8.41,12.260964258409086,6.6705000000000005
1990-06-22,8.4,12.2375859696428,6.6705000000000005
1990-06-25,8.45,12.245537454587648,6.6625
1990-06-26,8.41,12.21214891086862,6.6625
1990-06-27,8.37,12.31735279316837,6.6625
1990-06-28,8.31,12.275953313584624,6.6625
1990-06-29,8.24,12.227885408890153,6.5465
1990-07-02,8.25,12.265727290862074,6.635999999999999
1990-07-03,8.2,12.325203554168542,6.635999999999999
1990-07-05,8.22,12.426292976214413,6.635999999999999
1990-07-06,8.32,12.443980786472537,6.635999999999999
1990-07-09,8.39,12.50570577380958,6.5175
1990-07-10,8.4,12.441671105902774,6.5175
1990-07-11,8.4,12.439254301766455,6.5175
1990-07-12,8.2,12.43670647370059,6.5175
1990-07-13,8.13,12.305655911688678,6.5175
1990-07-16,8.15,12.170728095516395,6.442
1990-07-17,8.13,12.211493163839972,6.442
1990-07-18,8.13,12.215505107351179,6.442
1990-07-19,8.13,12.273698574726788,6.442
1990-07-20,8.08,12.189579644195483,6.442
1990-07-23,8.05,12.070224622739872,6.448
1990-07-24,8.12,12.149349496923024,6.448
1990-07-25,8.08,12.265278723652553,6.448
1990-07-26,8.08,12.226901005057833,6.448
1990-07-27,8.0,12.116656767009191,6.448
1990-07-30,7.93,12.084812716329099,6.622999999999999
1990-07-31,7.91,12.09713357522674,6.515499999999999
1990-08-01,7.85,11.984256110871625,6.515499999999999
1990-08-02,7.9,11.981237987480403,6.515499999999999
1990-08-03,7.79,12.122532684949658,6.515499999999999
1990-08-06,7.9,12.198814958053712,6.5
1990-08-07,8.04,12.091673380571505,6.5
1990-08-08,8.02,12.13341678126372,6.5
1990-08-09,7.99,12.13343607758991,6.5
1990-08-10,7.95,12.106281321613244,6.5
1990-08-13,7.94,12.15517087420652,6.64
1990-08-14,7.94,12.159781276458293,6.64
1990-08-15,7.94,12.141277568379437,6.64
1990-08-16,8.09,12.141681110404454,6.64
1990-08-17,8.11,12.194794521058162,6.64
1990-08-20,8.13,12.191014185746047,6.8085
1990-08-21,8.19,12.207917082429017,6.8085
1990-08-22,8.26,12.14901063888238,6.8085
1990-08-23,8.26,12.018841573491203,6.8085
1990-08-24,8.32,11.971299342667468,6.8085
1990-08-27,8.21,11.971299342667468,6.918
1990-08-28,8.23,11.835822164236752,6.918
1990-08-29,8.16,11.847120386787397,6.918
1990-08-30,8.12,11.923020405602543,6.918
1990-08-31,8.07,11.841346249672275,6.932
1990-09-04,8.09,11.865031415950511,6.932
1990-09-05,8.04,11.903633846852147,6.932
1990-09-06,8.06,11.901747636112587,6.932
1990-09-07,8.04,12.044683027120987,6.932
1990-09-10,8.09,11.951605499594454,6.922499999999999
1990-09-11,8.1,11.898529737807156,6.922499999999999
1990-09-12,8.05,11.978231659999263,6.922499999999999
1990-09-13,8.01,11.981016020208699,6.922499999999999
1990-09-14,8.03,12.028040418136102,6.922499999999999
1990-09-17,8.05,11.986110900465755,6.957
1990-09-18,8.03,11.99461770873304,6.957
1990-09-19,8.08,11.991968797982695,6.957
1990-09-20,8.1,11.934568408369394,6.957
1990-09-21,8.12,11.937321434745755,6.957
1990-09-24,8.21,11.977229922375736,6.9045000000000005
1990-09-25,8.18,12.011258853376582,6.9045000000000005
1990-09-26,8.16,12.11064715311987,6.9045000000000005
1990-09-27,8.05,12.130494250915255,6.9045000000000005
1990-09-28,8.02,12.034271130214035,6.781
1990-10-01,7.94,12.014913125954699,6.793
1990-10-02,7.92,11.985937164368337,6.793
1990-10-03,7.88,11.971679834695976,6.793
1990-10-04,7.87,11.92117688787955,6.793
1990-10-05,7.81,11.01260864729116,6.793
1990-10-09,7.94,11.247345992593658,6.793
1990-10-10,7.99,11.273121146872548,6.793
1990-10-11,7.99,11.245247000566856,6.793
1990-10-12,7.94,11.234870025834553,6.793
1990-10-15,7.92,11.301318340112216,6.7265
1990-10-16,7.92,11.309192930341744,6.7265
1990-10-17,7.92,11.306186939003933,6.7265
1990-10-18,7.91,11.37536315352948,6.7265
1990-10-19,7.85,11.437345839301692,6.7265
1990-10-22,7.85,11.364671519013413,6.779
1990-10-23,7.84,11.32005003484899,6.779
1990-10-24,7.84,11.246190643758972,6.779
1990-10-25,7.8,11.263957559175056,6.779
1990-10-26,7.8,11.210780957470261,6.779
1990-10-29,7.82,11.21535989658381,6.7475
1990-10-30,7.79,11.109262516856278,6.7475
1990-10-31,7.77,11.006667920315445,6.723
1990-11-01,7.68,11.124374694492719,6.723
1990-11-02,7.68,11.16687979911509,6.723
1990-11-05,7.63,11.029976397726896,6.92
1990-11-06,7.65,11.0177897041365,6.92
1990-11-07,7.67,11.01432661091328,6.92
1990-11-08,7.67,11.032557866426261,6.92
1990-11-09,7.61,11.050143002127792,6.92
1990-11-13,7.6,10.99290371323228,6.92
1990-11-14,7.58,11.11745840889554,6.92
1990-11-15,7.6,11.004379077020502,6.92
1990-11-16,7.58,10.934923736896616,6.92
1990-11-19,7.62,10.893920059392057,6.9115
1990-11-20,7.62,10.816419241110552,6.9115
1990-11-21,7.55,10.796766710617508,6.9115
1990-11-23,7.53,10.599868302029622,6.9115
1990-11-26,7.55,10.539913177685925,6.900499999999999
1990-11-27,7.5,10.58984888296085,6.900499999999999
1990-11-28,7.56,10.74219941749826,6.900499999999999
1990-11-29,7.58,10.671438189710097,6.900499999999999
1990-11-30,7.53,10.70081939841882,6.9365000000000006
1990-12-03,7.51,10.707266947429908,6.9815000000000005
1990-12-04,7.46,10.699000732623396,6.9815000000000005
1990-12-05,7.46,10.686066856984104,6.9815000000000005
1990-12-06,7.48,10.661978919319209,6.9815000000000005
1990-12-07,7.33,10.629289401147505,6.9815000000000005
1990-12-10,7.28,10.681036549660744,6.9765
1990-12-11,7.26,10.688676307818737,6.9765
1990-12-12,7.22,10.742419309347799,6.9765
1990-12-13,7.31,10.813044888595247,6.9765
1990-12-14,7.35,10.852016456748446,6.9765
1990-12-17,7.31,10.89876248580752,7.027
1990-12-18,7.28,11.032906410422749,7.027
1990-12-19,7.21,10.966038448272405,7.027
1990-12-20,7.25,11.041608257488631,7.027
1990-12-21,7.3,11.004301587581717,7.027
1990-12-24,7.35,11.041876224326694,6.986
1990-12-26,7.27,11.041876224326694,6.986
1990-12-27,7.25,11.02832977400816,6.986
1990-12-28,7.25,11.027482887110542,6.9905
1990-12-31,7.15,11.024742122724398,6.9905
1991-01-02,7.08,11.068034203539613,6.9905
1991-01-03,7.08,10.912136791599654,6.9775
1991-01-04,7.17,10.912185245995326,6.9775
1991-01-07,7.2,10.82810538652693,6.9175
1991-01-08,7.15,10.824089093345675,6.9175
1991-01-09,7.1,10.766978059275804,6.9175
1991-01-10,7.14,10.851035775210631,6.9175
1991-01-11,7.14,10.90015688481459,6.9175
1991-01-14,7.18,11.014109971249107,6.822
1991-01-15,7.16,10.97064241658642,6.822
1991-01-16,7.21,11.011986673482669,6.822
1991-01-17,7.19,10.855049894903566,6.822
1991-01-18,7.14,10.830910621301932,6.822
1991-01-22,7.13,10.792009261386545,6.822
1991-01-23,7.08,10.836192247422952,6.822
1991-01-24,7.04,10.78831732200674,6.822
1991-01-25,7.1,10.77838996486858,6.822
1991-01-28,7.12,10.77768664563852,6.702
1991-01-29,7.1,10.80586730180533,6.702
1991-01-30,7.07,10.777037993629076,6.702
1991-01-31,7.05,10.80084884577895,6.695
1991-02-01,6.83,10.788068873498037,6.695
1991-02-04,6.82,10.750082299906204,6.663
1991-02-05,6.8,10.607653644233126,6.663
1991-02-06,6.82,10.55606073312728,6.663
1991-02-07,6.8,10.458932081605125,6.663
1991-02-08,6.8,10.368680841094964,6.663
1991-02-11,6.78,10.389658697367812,6.567
1991-02-12,6.78,10.359944596297034,6.567
1991-02-13,6.78,10.248307951241879,6.567
1991-02-14,6.77,10.193847118351453,6.567
1991-02-15,6.82,10.214178265734505,6.567
1991-02-19,6.87,10.033446817904435,6.567
1991-02-20,6.87,10.02857077122953,6.567
1991-02-21,6.9,10.067252827762143,6.567
1991-02-22,6.98,10.093318933728403,6.567
1991-02-25,6.99,10.106170529938113,6.477
1991-02-26,7.0,10.118276020718833,6.477
1991-02-27,7.02,10.050241795805109,6.477
1991-02-28,7.04,10.099176905146546,6.5809999999999995
1991-03-01,7.18,10.163555519555596,6.5809999999999995
1991-03-04,7.16,10.210371204698477,6.609999999999999
1991-03-05,7.13,10.166989663777413,6.609999999999999
1991-03-06,7.15,10.165436230445104,6.609999999999999
1991-03-07,7.12,10.081315592910192,6.609999999999999
1991-03-08,7.08,10.033054243928206,6.609999999999999
1991-03-11,7.05,9.984521658236122,6.6240000000000006
1991-03-12,7.07,10.022355199789583,6.6240000000000006
1991-03-13,7.0,10.072781110923183,6.6240000000000006
1991-03-14,6.95,9.993741930654211,6.6240000000000006
1991-03-15,7.01,9.976270754638486,6.6240000000000006
1991-03-18,7.09,10.004035737993847,6.599
1991-03-19,7.22,10.082020983781744,6.599
1991-03-20,7.2,10.085946401018688,6.599
1991-03-21,7.13,9.959966335539866,6.599
1991-03-22,7.13,10.033471313021456,6.599
1991-03-25,7.14,10.107511029541206,6.4765
1991-03-26,7.16,10.108541218083058,6.4765
1991-03-27,7.07,10.07012768416525,6.4765
1991-03-28,7.02,9.990786992397467,6.427
1991-03-29,7.02,9.990786992397467,6.427
1991-04-01,7.01,9.990786992397467,6.427
1991-04-02,6.97,10.025704120620555,6.411
1991-04-03,6.99,9.992914910209445,6.411
1991-04-04,6.94,9.970019205882,6.411
1991-04-05,6.92,9.997453704997685,6.411
1991-04-08,6.91,9.951453779505249,6.3285
1991-04-09,6.94,9.944975244026264,6.3285
1991-04-10,7.02,9.961329599138974,6.3285
1991-04-11,6.95,9.954163198602375,6.3285
1991-04-12,6.88,10.007714008297802,6.3285
1991-04-15,6.9,10.057244736891835,6.2635000000000005
1991-04-16,6.92,10.07829392951519,6.2635000000000005
1991-04-17,6.9,10.07250124138178,6.2635000000000005
1991-04-18,6.99,10.046768629661612,6.2635000000000005
1991-04-19,7.03,10.011436390597476,6.2635000000000005
1991-04-22,7.07,10.063102139697653,6.343500000000001
1991-04-23,7.05,10.065879533320894,6.343500000000001
1991-04-24,6.95,10.085900667393261,6.343500000000001
1991-04-25,6.93,10.013420072857016,6.343500000000001
1991-04-26,6.89,10.061874357183449,6.343500000000001
1991-04-29,6.9,10.047895009429366,6.3645
1991-04-30,6.8,9.97876172601194,6.406000000000001
1991-05-01,6.8,9.972288239688318,6.406000000000001
1991-05-02,6.76,9.959635960904132,6.406000000000001
1991-05-03,6.8,9.978508977691632,6.406000000000001
1991-05-06,6.82,9.978508977691632,6.396
1991-05-07,6.82,9.941562348788622,6.396
1991-05-08,6.84,9.913153396193955,6.396
1991-05-09,6.84,9.918920049041589,6.396
1991-05-10,6.87,9.922907692096935,6.396
1991-05-13,6.84,9.941785933515755,6.378500000000001
1991-05-14,6.86,10.014113478873067,6.378500000000001
1991-05-15,6.84,10.035404986309837,6.378500000000001
1991-05-16,6.84,10.010233522268338,6.378500000000001
1991-05-17,6.86,10.007663410288469,6.378500000000001
1991-05-20,6.86,9.961604408950993,6.378500000000001
1991-05-21,6.84,9.94395750517804,6.238
1991-05-22,6.77,9.92078995106938,6.238
1991-05-23,6.74,9.859284595145782,6.238
1991-05-24,6.69,9.87887529944125,6.238
1991-05-28,6.66,9.869287555349636,6.238
1991-05-29,6.61,9.90132585346729,6.238
1991-05-30,6.6,9.928603076641027,6.238
1991-05-31,6.68,9.919376615934793,6.224
1991-06-03,6.79,9.950875997578647,6.2035
1991-06-04,6.79,10.000762322558527,6.2035
1991-06-05,6.83,9.995815231076392,6.2035
1991-06-06,6.86,10.008968385032563,6.2035
1991-06-07,6.98,9.964020703005644,6.2035
1991-06-10,7.01,9.907980549603613,6.1865000000000006
1991-06-11,6.99,9.939442947671893,6.1865000000000006
1991-06-12,7.08,9.970797553630703,6.1865000000000006
1991-06-13,7.08,9.940894752643302,6.1865000000000006
1991-06-14,7.02,9.970204713330295,6.1865000000000006
1991-06-17,7.02,9.999328904611856,6.340999999999999
1991-06-18,7.0,9.993357443703744,6.340999999999999
1991-06-19,6.95,9.965348068492872,6.340999999999999
1991-06-20,6.87,9.93805723204844,6.340999999999999
1991-06-21,6.94,9.94774334211029,6.340999999999999
1991-06-24,6.96,9.980100615595978,6.3375
1991-06-25,7.04,10.011134258821226,6.3375
1991-06-26,7.01,10.03281585894222,6.3375
1991-06-27,7.0,10.030816030150365,6.3375
1991-06-28,6.9,10.001963785686133,6.384
1991-07-01,6.97,9.964319995154677,6.4015
1991-07-02,7.0,9.950187458634213,6.4015
1991-07-03,6.97,9.937790219964091,6.4015
1991-07-05,7.04,9.878664895038995,6.4015
1991-07-08,7.0,9.878260733832365,6.3255
1991-07-09,7.0,9.842194524935907,6.3255
1991-07-10,6.97,9.834425135567903,6.3255
1991-07-11,6.92,9.828300049961493,6.3255
1991-07-12,6.88,9.873237345319987,6.3255
1991-07-15,6.88,9.899140899351718,6.2775
1991-07-16,6.9,9.905190975201212,6.2775
1991-07-17,6.94,9.892984300083937,6.2775
1991-07-18,6.91,9.888051699302046,6.2775
1991-07-19,6.89,9.900467285189581,6.2775
1991-07-22,6.91,9.896850402475986,6.355
1991-07-23,6.94,9.901854846512574,6.355
1991-07-24,6.88,9.903647815895058,6.355
1991-07-25,6.87,9.895393766177477,6.355
1991-07-26,6.85,9.873035290372975,6.355
1991-07-29,6.82,9.887699329919993,6.380000000000001
1991-07-30,6.84,9.882286125267752,6.380000000000001
1991-07-31,6.81,9.88099415976075,6.318
1991-08-01,6.84,9.875370840441752,6.318
1991-08-02,6.69,9.815824285378653,6.318
1991-08-05,6.69,9.774854136731419,6.258
1991-08-06,6.57,9.765116500585659,6.258
1991-08-07,6.54,9.754448892403765,6.258
1991-08-08,6.52,9.746839563761066,6.258
1991-08-09,6.49,9.738265877905684,6.258
1991-08-12,6.49,9.78319309327865,6.3325
1991-08-13,6.48,9.785256091930254,6.3325
1991-08-14,6.37,9.774050856499334,6.3325
1991-08-15,6.33,9.75072871268071,6.3325
1991-08-16,6.31,9.748237616494377,6.3325
1991-08-19,6.24,9.696338430099058,6.372
1991-08-20,6.17,9.696875664770952,6.372
1991-08-21,6.27,9.71058751379507,6.372
1991-08-22,6.27,9.74049344092313,6.372
1991-08-23,6.46,9.744675345119616,6.372
1991-08-26,6.48,9.744675345119616,6.5925
1991-08-27,6.41,9.73357484825251,6.5925
1991-08-28,6.3,9.708605676432072,6.5925
1991-08-29,6.25,9.677048904265842,6.5925
1991-08-30,6.36,9.676042189227548,6.4055
1991-09-03,6.33,9.583499037119473,6.4055
1991-09-04,6.31,9.529493678290956,6.4055
1991-09-05,6.31,9.468434884774446,6.4055
1991-09-06,6.26,9.438359691112721,6.4055
1991-09-09,6.23,9.348372851031037,6.5305
1991-09-10,6.21,9.342907562071552,6.5305
1991-09-11,6.23,9.339073168803317,6.5305
1991-09-12,6.2,9.319591069631649,6.5305
1991-09-13,6.18,9.296867579483552,6.5305
1991-09-16,6.17,9.350311310185408,6.411
1991-09-17,6.18,9.374795209227361,6.411
1991-09-18,6.18,9.343906651055862,6.411
1991-09-19,6.2,9.329750127589028,6.411
1991-09-20,6.18,9.320920262859236,6.411
1991-09-23,6.17,9.374298800295037,6.342499999999999
1991-09-24,6.11,9.355293398977892,6.342499999999999
1991-09-25,6.12,9.315188835743577,6.342499999999999
1991-09-26,6.05,9.300108712710076,6.342499999999999
1991-09-27,6.02,9.306891489981995,6.342499999999999
1991-09-30,5.99,9.305101488914461,6.403499999999999
1991-10-01,5.99,9.281095664113273,6.403499999999999
1991-10-02,5.99,9.278318950888927,6.403499999999999
1991-10-03,5.98,9.275868137410944,6.403499999999999
1991-10-04,5.91,9.28998947532924,6.403499999999999
1991-10-07,5.93,9.27386013390803,6.538
1991-10-08,5.89,9.340516238755368,6.538
1991-10-09,5.93,9.400012124165274,6.538
1991-10-10,5.98,9.444037119650401,6.538
1991-10-11,5.91,9.402912217344635,6.538
1991-10-15,5.85,9.421153135848453,6.538
1991-10-16,5.86,9.428559974353492,6.538
1991-10-17,5.93,9.402526667610484,6.538
1991-10-18,5.95,9.411007332274474,6.538
1991-10-21,5.99,9.479541858005877,6.5655
1991-10-22,6.02,9.519172403980345,6.5655
1991-10-23,6.01,9.502259020935384,6.5655
1991-10-24,5.93,9.507925714900699,6.5655
1991-10-25,5.93,9.492257265506254,6.5655
1991-10-28,5.88,9.491354851658711,6.845
1991-10-29,5.78,9.420618520838534,6.845
1991-10-30,5.73,9.404909296646432,6.822
1991-10-31,5.7,9.41435820450536,6.822
1991-11-01,5.65,9.48191636286998,6.822
1991-11-04,5.63,9.483650494405543,6.9215
1991-11-05,5.7,9.464621487558164,6.9215
1991-11-06,5.63,9.394200786260209,6.9215
1991-11-07,5.62,9.39346154371117,6.9215
1991-11-08,5.63,9.317035010952193,6.9215
1991-11-12,5.65,9.38001205202326,6.9215
1991-11-13,5.65,9.374900365775881,6.9215
1991-11-14,5.6,9.375926238762169,6.9215
1991-11-15,5.54,9.424782030008377,6.9215
1991-11-18,5.55,9.482479555089045,6.8295
1991-11-19,5.5,9.464396822644575,6.8295
1991-11-20,5.52,9.487410664040178,6.8295
1991-11-21,5.5,9.521990493555013,6.8295
1991-11-22,5.49,9.657445053826114,6.8295
1991-11-25,5.5,9.718825368073794,6.837999999999999
1991-11-26,5.45,9.724591048847634,6.837999999999999
1991-11-27,5.43,9.711750617731274,6.837999999999999
1991-11-29,5.38,9.667463952045555,6.8629999999999995
1991-12-02,5.33,9.708507411872276,6.874499999999999
1991-12-03,5.29,9.720028119034128,6.874499999999999
1991-12-04,5.22,9.702233376861923,6.874499999999999
1991-12-05,5.22,9.655574524232522,6.874499999999999
1991-12-06,5.19,9.628886400130801,6.874499999999999
1991-12-09,5.09,9.637831260054025,6.932
1991-12-10,5.07,9.623040551847845,6.932
1991-12-11,5.04,9.568991053786453,6.932
1991-12-12,5.06,9.530081045398232,6.932
1991-12-13,5.09,9.457126067536066,6.932
1991-12-16,5.06,9.445203810005754,6.786
1991-12-17,5.02,9.469809838177897,6.786
1991-12-18,5.11,9.475124293775476,6.786
1991-12-19,5.05,9.560142437720831,6.786
1991-12-20,4.8,9.64120132138892,6.786
1991-12-23,4.79,9.789394546291877,6.608499999999999
1991-12-24,4.84,9.778949183099206,6.608499999999999
1991-12-26,4.85,9.778949183099206,6.608499999999999
1991-12-27,4.85,9.759979580158246,6.608499999999999
1991-12-30,4.8,9.815358723691215,6.532500000000001
1991-12-31,4.77,9.810212254642545,6.48
1992-01-02,4.77,9.74163037735972,6.48
1992-01-03,4.8,9.650951786711678,6.48
1992-01-06,4.76,9.648872664216501,6.4670000000000005
1992-01-07,4.67,9.618218928694636,6.4670000000000005
1992-01-08,4.66,9.595867444450667,6.4670000000000005
1992-01-09,4.77,9.541949485626644,6.4670000000000005
1992-01-10,4.85,9.584797494732317,6.4670000000000005
1992-01-13,4.93,9.613066934480747,6.2905
1992-01-14,5.0,9.56115354180325,6.2905
1992-01-15,5.07,9.525373303295897,6.2905
1992-01-16,5.07,9.478983254094917,6.2905
1992-01-17,5.02,9.43239109422096,6.2905
1992-01-21,4.97,9.431414215157957,6.2905
1992-01-22,4.95,9.41800952772008,6.2905
1992-01-23,5.02,9.355291800413243,6.2905
1992-01-24,5.13,9.335473149450209,6.2905
1992-01-27,5.15,9.293205170163056,6.3845
1992-01-28,5.1,9.243738216789788,6.3845
1992-01-29,5.15,9.249258680505704,6.3845
1992-01-30,5.17,9.275336660175677,6.3845
1992-01-31,5.11,9.327189603962891,6.4205000000000005
1992-02-03,5.15,9.33043913487672,6.3845
1992-02-04,5.12,9.336625349244725,6.3845
1992-02-05,5.07,9.293286076438303,6.3845
1992-02-06,5.05,9.280097506203825,6.3845
1992-02-07,4.97,9.266877160820938,6.3845
1992-02-10,4.94,9.219556881727971,6.2935
1992-02-11,5.01,9.182032480558897,6.2935
1992-02-12,5.08,9.197156453756664,6.2935
1992-02-13,5.22,9.19375223420706,6.2935
1992-02-14,5.27,9.224962528042632,6.2935
1992-02-18,5.24,9.152699547906353,6.2935
1992-02-19,5.28,9.194552871999973,6.2935
1992-02-20,5.3,9.184386628757409,6.2935
1992-02-21,5.46,9.241440158968029,6.2935
1992-02-24,5.46,9.235512309026921,6.406000000000001
1992-02-25,5.43,9.207877418027998,6.406000000000001
1992-02-26,5.37,9.20077893397984,6.406000000000001
1992-02-27,5.34,9.182037108166579,6.406000000000001
1992-02-28,5.27,9.195025856006268,6.398
1992-03-02,5.45,9.228085047391426,6.432499999999999
1992-03-03,5.48,9.243404717506778,6.432499999999999
1992-03-04,5.5,9.288779244436386,6.432499999999999
1992-03-05,5.62,9.361435506284463,6.432499999999999
1992-03-06,5.6,9.391644490354373,6.432499999999999
1992-03-09,5.54,9.371563774509347,6.459
1992-03-10,5.56,9.389728223340093,6.459
1992-03-11,5.58,9.485853132518434,6.459
1992-03-12,5.74,9.599038081064117,6.459
1992-03-13,5.86,9.79141122842436,6.459
1992-03-16,5.87,9.778568427354454,6.5585
1992-03-17,5.83,9.730307630774892,6.5585
1992-03-18,5.84,9.795703210304737,6.5585
1992-03-19,5.79,9.834763414941596,6.5585
1992-03-20,5.86,9.86113770392746,6.5585
1992-03-23,5.87,9.897741497447639,6.622
1992-03-24,5.78,9.895682578573428,6.622
1992-03-25,5.72,9.895746527628742,6.622
1992-03-26,5.69,9.910719266100875,6.622
1992-03-27,5.68,9.99415517808596,6.622
1992-03-30,5.61,9.987944555457974,6.85
1992-03-31,5.6,10.02606265893383,6.85
1992-04-01,5.53,10.24794793061518,6.85
1992-04-02,5.55,10.262551262591707,6.85
1992-04-03,5.37,10.280669403774843,6.85
1992-04-06,5.36,10.243627712426004,6.9254999999999995
1992-04-07,5.34,10.154640463175662,6.9254999999999995
1992-04-08,5.33,10.032394980433132,6.9254999999999995
1992-04-09,5.09,9.938816329949667,6.9254999999999995
1992-04-10,5.16,9.365682838783988,6.9254999999999995
1992-04-13,5.11,9.298552226476382,6.793
1992-04-14,5.15,9.255392362288264,6.793
1992-04-15,5.22,9.199755230182951,6.793
1992-04-16,5.34,9.20117502255113,6.793
1992-04-17,5.34,9.20117502255113,6.793
1992-04-20,5.45,9.20117502255113,6.793
1992-04-21,5.41,9.23852957288933,6.8015
1992-04-22,5.41,9.239303645596607,6.8015
1992-04-23,5.41,9.308292726153436,6.8015
1992-04-24,5.33,9.313588723323448,6.8015
1992-04-27,5.42,9.246818490710027,6.845000000000001
1992-04-28,5.4,9.246205562292156,6.845000000000001
1992-04-29,5.39,9.23699669344645,6.845000000000001
1992-04-30,5.46,9.256900374806643,6.8655
1992-05-01,5.33,9.195124847294371,6.8655
1992-05-04,5.32,9.195124847294371,6.986
1992-05-05,5.3,9.219168016286137,6.986
1992-05-06,5.25,9.196665727703811,6.986
1992-05-07,5.34,9.157157416008383,6.986
1992-05-08,5.29,9.161054490166782,6.986
1992-05-11,5.24,9.12755198417373,6.868
1992-05-12,5.19,9.132222477344857,6.868
1992-05-13,5.14,9.072451194595557,6.868
1992-05-14,5.13,9.083725067531514,6.868
1992-05-15,5.11,9.072965126551864,6.868
1992-05-18,5.12,9.04266043515956,6.9085
1992-05-19,5.0,9.043202713724778,6.9085
1992-05-20,5.13,9.027770967773284,6.9085
1992-05-21,5.34,9.015425542797093,6.9085
1992-05-22,5.24,8.996037616551792,6.9085
1992-05-26,5.35,9.010664064934511,6.9085
1992-05-27,5.28,9.010998063171279,6.9085
1992-05-28,5.22,8.999132418495524,6.9085
1992-05-29,5.19,8.973356113929805,7.226
1992-06-01,5.29,9.00057701047192,7.261
1992-06-02,5.23,8.990141595964579,7.261
1992-06-03,5.2,9.080225313756857,7.261
1992-06-04,5.22,9.067244286123405,7.261
1992-06-05,5.13,9.092659988547565,7.261
1992-06-08,5.11,9.137287339720517,7.261
1992-06-09,5.11,9.13999992301768,7.2989999999999995
1992-06-10,5.13,9.129927952673466,7.2989999999999995
1992-06-11,5.09,9.10968282902305,7.2989999999999995
1992-06-12,5.06,9.066492652737203,7.2989999999999995
1992-06-15,5.05,9.086995463285907,7.2935
1992-06-16,5.02,9.078650865195268,7.2935
1992-06-17,5.0,9.069588208104092,7.2935
1992-06-18,4.94,9.050956984819534,7.2935
1992-06-19,5.0,9.032526704978514,7.2935
1992-06-22,4.99,9.075598936181843,7.230499999999999
1992-06-23,5.1,9.110660775899039,7.230499999999999
1992-06-24,4.96,9.105289667018377,7.230499999999999
1992-06-25,4.89,9.096776545318217,7.230499999999999
1992-06-26,4.88,9.06175229984924,7.230499999999999
1992-06-29,4.83,9.11449515809386,7.2645
1992-06-30,4.83,9.111792853543985,7.2435
1992-07-01,4.82,9.047711871164108,7.2435
1992-07-02,4.55,8.994605905073792,7.2435
1992-07-03,4.55,8.88595365336905,7.2435
1992-07-06,4.46,8.923440738464409,7.2215
1992-07-07,4.4,8.981919884433603,7.2215
1992-07-08,4.4,9.060366984977636,7.2215
1992-07-09,4.4,9.035302115643407,7.2215
1992-07-10,4.38,9.05753933122894,7.2215
1992-07-13,4.4,9.209153085297633,7.2125
1992-07-14,4.32,9.201479051730594,7.2125
1992-07-15,4.25,9.21565613878508,7.2125
1992-07-16,4.25,9.189610269550803,7.2125
1992-07-17,4.27,9.284266342562336,7.2125
1992-07-20,4.3,9.335072644674137,7.284
1992-07-21,4.34,9.31085012713129,7.284
1992-07-22,4.29,9.306513963924932,7.284
1992-07-23,4.2,9.326094221078764,7.284
1992-07-24,4.25,9.322778501728003,7.284
1992-07-27,4.27,9.312583216938528,7.2545
1992-07-28,4.27,9.336275820557614,7.2545
1992-07-29,4.25,9.35321616934214,7.2545
1992-07-30,4.33,9.423843255092544,7.2545
1992-07-31,4.42,9.530847835426856,7.214
1992-08-03,4.4,9.527280584751681,7.2155000000000005
1992-08-04,4.31,9.518698225272368,7.2155000000000005
1992-08-05,4.29,9.545180135627866,7.2155000000000005
1992-08-06,4.29,9.537763203284394,7.2155000000000005
1992-08-07,4.18,9.480056124102019,7.2155000000000005
1992-08-10,4.12,9.45350858703974,7.1125
1992-08-11,4.15,9.449600838847152,7.1125
1992-08-12,4.19,9.493812236504965,7.1125
1992-08-13,4.19,9.501910025332835,7.1125
1992-08-14,4.14,9.365890327698674,7.1125
1992-08-17,4.13,9.382309690377697,7.1615
1992-08-18,4.04,9.425884851217269,7.1615
1992-08-19,4.06,9.45001296912387,7.1615
1992-08-20,4.04,9.456065738068931,7.1615
1992-08-21,4.13,9.547499660170589,7.1615
1992-08-24,4.27,9.736525255528438,7.1754999999999995
1992-08-25,4.32,9.919047142856956,7.1754999999999995
1992-08-26,4.26,9.894677684726865,7.1754999999999995
1992-08-27,4.23,9.920659806276218,7.1754999999999995
1992-08-28,4.16,9.860751405965887,7.1754999999999995
1992-08-31,4.15,9.860751405965887,7.061
1992-09-01,4.12,9.866942706307585,7.061
1992-09-02,4.1,9.680089727280555,7.061
1992-09-03,4.09,9.542139878298132,7.061
1992-09-04,3.89,9.493159136653887,7.061
1992-09-08,3.83,9.613807527633782,7.061
1992-09-09,3.85,9.80193135976753,7.061
1992-09-10,3.83,9.754696750339974,7.061
1992-09-11,3.87,9.86718449204419,7.061
1992-09-14,3.8,9.44359236492355,6.978999999999999
1992-09-15,3.89,9.824007969989047,6.978999999999999
1992-09-16,3.87,10.19419645932089,6.978999999999999
1992-09-17,3.86,8.951398994502402,6.978999999999999
1992-09-18,3.86,8.798247882139291,6.978999999999999
1992-09-21,3.91,8.449217107838905,6.681
1992-09-22,3.98,8.150370359195685,6.681
1992-09-23,3.97,8.113079668220902,6.681
1992-09-24,3.91,8.111046759646227,6.681
1992-09-25,3.78,8.126990748915478,6.681
1992-09-28,3.77,8.073499264540994,6.490500000000001
1992-09-29,3.8,8.110912797360804,6.490500000000001
1992-09-30,3.8,8.119169556317447,6.5545
1992-10-01,3.67,8.050668493449734,6.5545
1992-10-02,3.71,8.106502879659505,6.5545
1992-10-05,3.68,8.168123646307603,6.4254999999999995
1992-10-06,3.74,8.082457568942262,6.4254999999999995
1992-10-07,3.88,8.031868911447788,6.4254999999999995
1992-10-08,3.83,7.946292365335907,6.4254999999999995
1992-10-09,4.0,7.960889483608928,6.4254999999999995
1992-10-13,3.99,7.841165070705664,6.4254999999999995
1992-10-14,4.02,7.818973772152385,6.4254999999999995
1992-10-15,4.02,7.685526405493552,6.4254999999999995
1992-10-16,4.04,7.1859970117573,6.4254999999999995
1992-10-19,4.15,7.017737001555216,6.3255
1992-10-20,4.34,6.820429815119969,6.3255
1992-10-21,4.29,6.784617178667135,6.3255
1992-10-22,4.24,6.7044788119651715,6.3255
1992-10-23,4.37,6.688796041810205,6.3255
1992-10-26,4.39,6.678414838444692,6.2535
1992-10-27,4.32,6.615446552213452,6.2535
1992-10-28,4.33,6.5502979600305125,6.2535
1992-10-29,4.33,6.6106619775198165,6.2535
1992-10-30,4.4,6.73262106541917,5.836
1992-11-02,4.47,6.640729777803514,6.194
1992-11-03,4.44,6.566708009208111,6.194
1992-11-04,4.44,6.563784457894251,6.194
1992-11-05,4.39,6.443426589355301,6.194
1992-11-06,4.48,6.438134058829506,6.194
1992-11-09,4.57,6.345610020944371,6.1690000000000005
1992-11-10,4.5,6.353721669511867,6.1690000000000005
1992-11-12,4.44,6.406824731052348,6.1690000000000005
1992-11-13,4.54,6.579519797772762,6.1690000000000005
1992-11-16,4.68,6.671588301534638,6.104
1992-11-17,4.67,6.615656037641811,6.104
1992-11-18,4.58,6.592687302097458,6.104
1992-11-19,4.59,6.592131003733556,6.104
1992-11-20,4.66,6.6125444800406425,6.104
1992-11-23,4.69,6.628412099569861,6.0405
1992-11-24,4.61,6.603241308194348,6.0405
1992-11-25,4.7,6.6322474519322885,6.0405
1992-11-27,4.77,6.741238530735565,6.0405
1992-11-30,4.79,6.982012962355662,5.8245
1992-12-01,4.81,6.961736285236203,5.8245
1992-12-02,4.81,6.947132398749418,5.8245
1992-12-03,4.78,6.832333921654299,5.8245
1992-12-04,4.7,6.819325333846544,5.8245
1992-12-07,4.62,6.977374952607695,5.902
1992-12-08,4.59,6.949496625181315,5.902
1992-12-09,4.61,6.925062759610453,5.902
1992-12-10,4.67,6.962817598526565,5.902
1992-12-11,4.78,6.8824976030257305,5.902
1992-12-14,4.8,6.887871635164064,5.6795
1992-12-15,4.77,6.922385727476514,5.6795
1992-12-16,4.67,6.922022268129228,5.6795
1992-12-17,4.69,6.883503818858242,5.6795
1992-12-18,4.66,6.869077053066808,5.6795
1992-12-21,4.64,6.8958281000218795,5.673
1992-12-22,4.64,6.844534851119873,5.673
1992-12-23,4.63,6.78937652516111,5.673
1992-12-24,4.6,6.758007837738045,5.673
1992-12-28,4.64,6.758007837738045,5.7185
1992-12-29,4.61,6.780856348410194,5.7185
1992-12-30,4.54,6.755636724122022,5.7185
1992-12-31,4.56,6.768396215342717,5.5275
1993-01-04,4.48,6.789196266582994,5.5395
1993-01-05,4.48,6.796016949599526,5.5395
1993-01-06,4.52,6.778657413579831,5.5395
1993-01-07,4.64,6.788027687243734,5.5395
1993-01-08,4.5,6.7764608411214455,5.5395
1993-01-11,4.48,6.797410197426637,5.3740000000000006
1993-01-12,4.48,6.77403131778374,5.3740000000000006
1993-01-13,4.46,6.716386304578135,5.3740000000000006
1993-01-14,4.4,6.6768195936533274,5.3740000000000006
1993-01-15,4.31,6.607787989280959,5.3740000000000006
1993-01-19,4.39,6.585745955658349,5.3740000000000006
1993-01-20,4.41,6.500500590126956,5.3740000000000006
1993-01-21,4.36,6.381367595923863,5.3740000000000006
1993-01-22,4.3,6.3606264268545845,5.3740000000000006
1993-01-25,4.26,6.4134654792928405,5.566000000000001
1993-01-26,4.3,6.031013859956018,5.566000000000001
1993-01-27,4.24,6.052769720342045,5.566000000000001
1993-01-28,4.2,6.062733192413273,5.566000000000001
1993-01-29,4.2,6.0336727954867095,5.237
1993-02-01,4.19,5.832494754863497,5.3205
1993-02-02,4.25,5.844370108592193,5.3205
1993-02-03,4.27,5.802873560506064,5.3205
1993-02-04,4.19,5.780586867020484,5.3205
1993-02-05,4.07,5.772189256464088,5.3205
1993-02-08,4.16,5.798304019912772,5.1285
1993-02-09,4.2,5.844637197897361,5.1285
1993-02-10,4.27,5.841527533929387,5.1285
1993-02-11,4.2,5.8667261935666,5.1285
1993-02-12,4.2,5.780782013682208,5.1285
1993-02-16,4.14,5.842801115011416,5.1285
1993-02-17,4.06,5.873096463211365,5.1285
1993-02-18,3.95,5.857787452203063,5.1285
1993-02-19,3.99,5.785683702466649,5.1285
1993-02-22,3.99,5.7594103064755755,5.2745
1993-02-23,3.9,5.743815222906287,5.2745
1993-02-24,3.97,5.786255739586683,5.2745
1993-02-25,3.95,5.773556176889251,5.2745
1993-02-26,3.92,5.739170269763953,4.8365
1993-03-01,3.88,5.721925543717998,4.721500000000001
1993-03-02,3.88,5.778512128402758,4.721500000000001
1993-03-03,3.81,5.763533735959996,4.721500000000001
1993-03-04,3.75,5.788950933634593,4.721500000000001
1993-03-05,3.91,5.719548849388947,4.721500000000001
1993-03-08,3.97,5.686670016619648,4.544499999999999
1993-03-09,4.02,5.7375486937819,4.544499999999999
1993-03-10,4.05,5.771472219863946,4.544499999999999
1993-03-11,4.01,5.732956995459288,4.544499999999999
1993-03-12,4.11,5.679988734668166,4.544499999999999
1993-03-15,4.1,5.696100194697337,4.52
1993-03-16,4.02,5.835560104473474,4.52
1993-03-17,3.98,5.806617659322769,4.52
1993-03-18,3.91,5.841244439184043,4.52
1993-03-19,3.95,5.938167843964981,4.52
1993-03-22,3.92,6.039335265674469,4.7705
1993-03-23,3.88,6.061298243691088,4.7705
1993-03-24,3.93,6.064332635420823,4.7705
1993-03-25,3.92,6.063105601438222,4.7705
1993-03-26,4.02,6.090597010230438,4.7705
1993-03-29,3.95,6.039150046731082,4.569000000000001
1993-03-30,3.91,5.990866949671861,4.569000000000001
1993-03-31,3.96,6.012969756726322,4.6
1993-04-01,3.94,6.055414496955504,4.6
1993-04-02,3.99,6.028506016472758,4.6
1993-04-05,3.96,6.037945086419054,4.532500000000001
1993-04-06,3.93,6.03414352904645,4.532500000000001
1993-04-07,3.93,6.016056980545812,4.532500000000001
1993-04-08,3.85,5.970976779687702,4.532500000000001
1993-04-09,3.85,5.970976779687702,4.532500000000001
1993-04-12,3.82,5.970976779687702,4.532500000000001
1993-04-13,3.82,5.9518400656364046,4.502000000000001
1993-04-14,3.78,6.054356718945388,4.502000000000001
1993-04-15,3.79,6.126327214990054,4.502000000000001
1993-04-16,3.8,6.316439984786562,4.502000000000001
1993-04-19,3.78,6.4412750240690135,4.5954999999999995
1993-04-20,3.78,6.389648263625963,4.5954999999999995
1993-04-21,3.77,6.369231785012225,4.5954999999999995
1993-04-22,3.75,6.479357605376282,4.5954999999999995
1993-04-23,3.75,6.4929633514057175,4.5954999999999995
1993-04-26,3.79,6.53525254662232,4.6105
1993-04-27,3.88,6.463390015444928,4.6105
1993-04-28,3.86,6.488850964381307,4.6105
1993-04-29,3.79,6.587654671501627,4.6105
1993-04-30,3.83,6.521958939438139,4.6240000000000006
1993-05-03,3.75,6.521958939438139,4.8115000000000006
1993-05-04,3.75,6.438947591834091,4.8115000000000006
1993-05-05,3.8,6.427873337062384,4.8115000000000006
1993-05-06,3.8,6.460550679703168,4.8115000000000006
1993-05-07,3.79,6.37103060708486,4.8115000000000006
1993-05-10,3.79,6.324221336586389,4.766
1993-05-11,3.79,6.321125756366483,4.766
1993-05-12,3.82,6.291880762360588,4.766
1993-05-13,3.91,6.325473187344241,4.766
1993-05-14,3.97,6.373896413787141,4.766
1993-05-17,4.05,6.405122119875275,4.6884999999999994
1993-05-18,4.08,6.419894094757206,4.6884999999999994
1993-05-19,4.03,6.374756626171307,4.6884999999999994
1993-05-20,4.03,6.381472668550218,4.6884999999999994
1993-05-21,4.14,6.373934411695789,4.6884999999999994
1993-05-24,4.19,6.338484228971978,4.7125
1993-05-25,4.19,6.305356210251606,4.7125
1993-05-26,4.2,6.280037012249603,4.7125
1993-05-27,4.22,6.296496381822372,4.7125
1993-05-28,4.24,6.33644266479694,4.7125
1993-06-01,4.16,6.2191832765781525,4.6555
1993-06-02,4.18,6.210613503076037,4.6555
1993-06-03,4.14,6.219695924339823,4.6555
1993-06-04,4.31,6.218315244648135,4.6555
1993-06-07,4.3,6.228841891653864,4.6675
1993-06-08,4.33,6.232907891553867,4.6675
1993-06-09,4.29,6.2177863979213095,4.6675
1993-06-10,4.29,6.219030663487044,4.6675
1993-06-11,4.15,6.213471669180695,4.6675
1993-06-14,4.13,6.187364623569671,4.6975
1993-06-15,4.11,6.1951376929455995,4.6975
1993-06-16,4.09,6.177407016768142,4.6975
1993-06-17,4.08,6.206001122089928,4.6975
1993-06-18,4.16,6.198812882033082,4.6975
1993-06-21,4.16,6.13492944049747,4.628
1993-06-22,4.15,6.10661638021034,4.628
1993-06-23,4.2,6.1116067187383205,4.628
1993-06-24,4.15,6.097348562614268,4.628
1993-06-25,4.1,6.128266524017391,4.628
1993-06-28,4.06,6.094404977783425,4.616
1993-06-29,4.03,6.086991511243829,4.616
1993-06-30,4.03,6.0370196274889185,4.5035
1993-07-01,3.99,5.9826453078330255,4.5035
1993-07-02,3.93,5.939100383845853,4.5035
1993-07-06,4.0,5.883691512890025,4.5035
1993-07-07,4.0,5.899547726338595,4.5035
1993-07-08,4.0,5.901063078365461,4.5035
1993-07-09,3.98,5.886600018963768,4.5035
1993-07-12,3.99,5.892637915980871,4.3445
1993-07-13,4.04,5.952643182496095,4.3445
1993-07-14,3.97,5.902816703191012,4.3445
1993-07-15,3.99,5.871100405472668,4.3445
1993-07-16,3.99,5.897380941233334,4.3445
1993-07-19,3.99,5.9562294377668055,4.339
1993-07-20,4.09,5.971388746941756,4.339
1993-07-21,4.15,6.085136182395025,4.339
1993-07-22,4.22,6.038216867695265,4.339
1993-07-23,4.25,6.019128143531337,4.339
1993-07-26,4.22,5.971922014156933,4.425
1993-07-27,4.25,5.973311738720579,4.425
1993-07-28,4.21,5.839897267612796,4.425
1993-07-29,4.12,5.797652799171297,4.425
1993-07-30,4.13,5.673570846703405,4.3245000000000005
1993-08-02,4.19,5.668562157213552,4.4195
1993-08-03,4.17,5.654130384318703,4.4195
1993-08-04,4.16,5.6862814474502255,4.4195
1993-08-05,4.12,5.667938993267786,4.4195
1993-08-06,4.09,5.630655241066213,4.4195
1993-08-09,4.06,5.666856037592396,4.397
1993-08-10,4.1,5.647465994999718,4.397
1993-08-11,4.1,5.575405011549534,4.397
1993-08-12,4.06,5.597816115529184,4.397
1993-08-13,4.0,5.589661875305603,4.397
1993-08-16,3.98,5.589693839044403,4.4975000000000005
1993-08-17,4.02,5.597709974425435,4.4975000000000005
1993-08-18,3.98,5.64037012090678,4.4975000000000005
1993-08-19,3.93,5.694992559562984,4.4975000000000005
1993-08-20,3.93,5.686972241994672,4.4975000000000005
1993-08-23,3.97,5.6679598945025615,4.4510000000000005
1993-08-24,3.89,5.63514467728835,4.4510000000000005
1993-08-25,3.85,5.620562307226023,4.4510000000000005
1993-08-26,3.82,5.6674654200545485,4.4510000000000005
1993-08-27,3.87,5.6427791939755885,4.4510000000000005
1993-08-30,3.86,5.6427791939755885,4.428
1993-08-31,3.88,5.630111954074049,4.3215
1993-09-01,3.88,5.625444978150742,4.3215
1993-09-02,3.83,5.696193541159176,4.3215
1993-09-03,3.71,5.692948574227267,4.3215
1993-09-07,3.7,5.6889667773303465,4.3215
1993-09-08,3.78,5.692260491691139,4.3215
1993-09-09,3.88,5.7300635945400495,4.3215
1993-09-10,3.8,5.72170323572,4.3215
1993-09-13,3.82,5.708329555644546,4.417
1993-09-14,3.91,5.7577943042476765,4.417
1993-09-15,3.89,5.864825608330304,4.417
1993-09-16,3.88,5.864485186433364,4.417
1993-09-17,3.89,5.839342848434713,4.417
1993-09-20,3.92,5.864158702046413,4.4190000000000005
1993-09-21,3.9,5.867480073214205,4.4190000000000005
1993-09-22,3.9,5.848505657731179,4.4190000000000005
1993-09-23,3.87,5.814430016460692,4.4190000000000005
1993-09-24,3.9,5.7681189680216205,4.4190000000000005
1993-09-27,3.81,5.733417583899554,4.4625
1993-09-28,3.79,5.7485692550792775,4.4625
1993-09-29,3.84,5.746081809444691,4.4625
1993-09-30,3.89,5.7478611359680105,4.244999999999999
1993-10-01,3.84,5.762968747466407,4.244999999999999
1993-10-04,3.85,5.72234698473428,4.2955000000000005
1993-10-05,3.86,5.704409975203072,4.2955000000000005
1993-10-06,3.85,5.692556910039218,4.2955000000000005
1993-10-07,3.83,5.714940448153887,4.2955000000000005
1993-10-08,3.78,5.688977113704096,4.2955000000000005
1993-10-12,3.82,5.656815540929255,4.2955000000000005
1993-10-13,3.84,5.616028579823584,4.2955000000000005
1993-10-14,3.82,5.583108602303204,4.2955000000000005
1993-10-15,3.81,5.54606709456332,4.2955000000000005
1993-10-18,3.84,5.514480463720585,4.1075
1993-10-19,3.86,5.498826197682338,4.1075
1993-10-20,3.86,5.459467543533749,4.1075
1993-10-21,3.89,5.416228244433476,4.1075
1993-10-22,3.91,5.3651285199714875,4.1075
1993-10-25,3.95,5.437081391596905,4.1245
1993-10-26,3.93,5.436185090667591,4.1245
1993-10-27,3.99,5.490034643135735,4.1245
1993-10-28,3.97,5.465874800195163,4.1245
1993-10-29,3.99,5.4540488452762395,4.077999999999999
1993-11-01,4.11,5.567750760871674,4.086
1993-11-02,4.16,5.542636004734377,4.086
1993-11-03,4.13,5.474863943972559,4.086
1993-11-04,4.13,5.453595534327949,4.086
1993-11-05,4.2,5.4554229471997955,4.086
1993-11-08,4.13,5.434463341441656,4.127
1993-11-09,4.12,5.434706028006261,4.127
1993-11-10,4.17,5.445765597660748,4.127
1993-11-12,4.11,5.442585875552044,4.127
1993-11-15,4.11,5.462618049792969,4.0655
1993-11-16,4.1,5.474922044738731,4.0655
1993-11-17,4.09,5.418519733690517,4.0655
1993-11-18,4.15,5.418024241685563,4.0655
1993-11-19,4.22,5.392126367070803,4.0655
1993-11-22,4.26,5.430874571382209,4.0815
1993-11-23,4.19,5.391862334757351,4.0815
1993-11-24,4.18,5.3793220004729445,4.0815
1993-11-26,4.16,5.338496648215769,4.0815
1993-11-29,4.17,5.344833033196421,4.0729999999999995
1993-11-30,4.22,5.3323171879659,4.0675
1993-12-01,4.2,5.273463849533599,4.0675
1993-12-02,4.22,5.204830684471686,4.0675
1993-12-03,4.24,5.1296785986923465,4.0675
1993-12-06,4.19,5.070190508933614,4.0325
1993-12-07,4.17,5.089200220747248,4.0325
1993-12-08,4.18,5.044221747770925,4.0325
1993-12-09,4.18,4.996111883871325,4.0325
1993-12-10,4.21,5.016932489194536,4.0325
1993-12-13,4.23,5.0020736476626295,4.0065
1993-12-14,4.25,5.0061281042078205,4.0065
1993-12-15,4.22,5.047623770523951,4.0065
1993-12-16,4.23,5.067367861464871,4.0065
1993-12-17,4.2,5.088049845811064,4.0065
1993-12-20,4.22,5.1101169321369495,3.9539999999999997
1993-12-21,4.26,5.136772119725973,3.9539999999999997
1993-12-22,4.19,5.15439564552209,3.9539999999999997
1993-12-23,4.18,5.128391684877518,3.9539999999999997
1993-12-24,4.18,5.097404831966584,3.9539999999999997
1993-12-27,4.2,5.097404831966584,3.88
1993-12-28,4.2,5.097404831966584,3.88
1993-12-29,4.2,5.097420414174869,3.88
1993-12-30,4.25,5.095411430493479,3.88
1993-12-31,4.25,5.080304012385795,3.889
1994-01-03,4.3,5.080304012385795,3.894
1994-01-04,4.29,5.165838887475495,3.894
1994-01-05,4.31,5.207008132456207,3.894
1994-01-06,4.24,5.199348318246337,3.894
1994-01-07,4.09,5.169164726200553,3.894
1994-01-10,4.08,5.182686854041471,3.8235
1994-01-11,4.08,5.266123601325711,3.8235
1994-01-12,4.05,5.271374565607347,3.8235
1994-01-13,4.13,5.293315424446652,3.8235
1994-01-14,4.17,5.308291045510002,3.8235
1994-01-18,4.14,5.222572798869568,3.8235
1994-01-19,4.12,5.124032631708167,3.8235
1994-01-20,4.07,5.156186069419686,3.8235
1994-01-21,4.09,5.180240777602068,3.8235
1994-01-24,4.09,5.157642695887285,3.9459999999999997
1994-01-25,4.11,5.161570713090405,3.9459999999999997
1994-01-26,4.13,5.188360120003596,3.9459999999999997
1994-01-27,4.11,5.202687752966426,3.9459999999999997
1994-01-28,4.08,5.180412778781112,3.9459999999999997
1994-01-31,4.12,5.184981320415023,3.967
1994-02-01,4.2,5.168184818225623,3.967
1994-02-02,4.2,5.190074930461048,3.967
1994-02-03,4.28,5.2330104031432105,3.967
1994-02-04,4.42,5.236353182467982,3.967
1994-02-07,4.41,5.368188401805777,4.0025
1994-02-08,4.44,5.256360880784103,4.0025
1994-02-09,4.43,5.264292203491639,4.0025
1994-02-10,4.45,5.301631697695532,4.0025
1994-02-11,4.44,5.291649002610026,4.0025
1994-02-14,4.44,5.319015287585722,4.031499999999999
1994-02-15,4.44,5.318186001708751,4.031499999999999
1994-02-16,4.44,5.291072449509415,4.031499999999999
1994-02-17,4.5,5.2541692576369865,4.031499999999999
1994-02-18,4.57,5.262980618734562,4.031499999999999
1994-02-22,4.57,5.412501142560195,4.031499999999999
1994-02-23,4.67,5.409785707767941,4.031499999999999
1994-02-24,4.72,5.58981059413978,4.031499999999999
1994-02-25,4.72,5.557241318163135,4.031499999999999
1994-02-28,4.67,5.472732541430415,4.17
1994-03-01,4.81,5.5633857762944245,4.17
1994-03-02,4.79,5.574206518023968,4.17
1994-03-03,4.83,5.5848522082258025,4.17
1994-03-04,4.88,5.546563215309971,4.17
1994-03-07,4.87,5.4998534347643195,4.2115
1994-03-08,4.92,5.505077523610762,4.2115
1994-03-09,4.96,5.569876938751419,4.2115
1994-03-10,4.96,5.532547524534221,4.2115
1994-03-11,4.95,5.644201544035895,4.2115
1994-03-14,4.99,5.613405497052613,4.203
1994-03-15,4.99,5.570828106969415,4.203
1994-03-16,4.96,5.695908314725697,4.203
1994-03-17,4.94,5.669815565636889,4.203
1994-03-18,5.03,5.702977666629414,4.203
1994-03-21,5.09,5.70758290368699,4.413
1994-03-22,5.03,5.654331974587146,4.413
1994-03-23,5.0,5.74121576787926,4.413
1994-03-24,5.08,5.989803589647097,4.413
1994-03-25,5.1,6.162243300124221,4.413
1994-03-28,5.12,6.169733593454707,4.445
1994-03-29,5.19,6.315827373440021,4.445
1994-03-30,5.19,6.337681808164813,4.445
1994-03-31,5.21,6.23111326308137,4.4185
1994-04-01,5.21,6.23111326308137,4.4185
1994-04-04,5.57,6.23111326308137,4.4185
1994-04-05,5.45,6.313355320178052,4.4105
1994-04-06,5.4,6.212775349780919,4.4105
1994-04-07,5.37,6.211581776258857,4.4105
1994-04-08,5.43,6.222781072230419,4.4105
1994-04-11,5.43,6.192246007360677,4.3260000000000005
1994-04-12,5.4,6.203089877915994,4.3260000000000005
1994-04-13,5.43,6.209561990362864,4.3260000000000005
1994-04-14,5.49,6.207283121083069,4.3260000000000005
1994-04-15,5.51,6.174729157226845,4.3260000000000005
1994-04-18,5.7,6.263391534552515,4.3385
1994-04-19,5.7,6.278037554770334,4.3385
1994-04-20,5.67,6.41237377940784,4.3385
1994-04-21,5.59,6.4917296355770535,4.3385
1994-04-22,5.62,6.432760156716559,4.3385
1994-04-25,5.61,6.522954152232333,4.698
1994-04-26,5.59,6.47787602355171,4.698
1994-04-27,5.59,6.472183485352733,4.698
1994-04-28,5.75,6.497188510286272,4.698
1994-04-29,5.73,6.458096116715533,4.698
1994-05-02,5.81,6.458096116715533,4.6295
1994-05-03,5.86,6.581095987307234,4.6295
1994-05-04,5.89,6.701798324193087,4.6295
1994-05-05,5.88,6.659697459341833,4.6295
1994-05-06,6.12,6.673509999486874,4.6295
1994-05-09,6.26,6.764270230223682,4.665
1994-05-10,6.13,6.725630000125597,4.665
1994-05-11,6.2,6.655859164233354,4.665
1994-05-12,6.13,6.59609711472027,4.665
1994-05-13,6.05,6.511782734205705,4.665
1994-05-16,6.03,6.50597569693596,4.561
1994-05-17,5.88,6.4965691282158,4.561
1994-05-18,5.83,6.519765445665454,4.561
1994-05-19,5.73,6.414609806765674,4.561
1994-05-20,5.8,6.404163814694695,4.561
1994-05-23,5.94,6.444017807529775,4.561
1994-05-24,5.94,6.523402084017844,4.5885
1994-05-25,5.95,6.583643617980774,4.5885
1994-05-26,5.92,6.634356916137989,4.5885
1994-05-27,5.97,6.6997282563574085,4.5885
1994-05-31,6.01,6.796586834929447,4.5885
1994-06-01,5.98,7.082766158960043,4.5885
1994-06-02,5.93,7.004945902787883,4.5885
1994-06-03,5.84,6.792148059888572,4.5885
1994-06-06,5.78,6.7894519375056515,5.069
1994-06-07,5.8,6.87277516134369,5.069
1994-06-08,5.78,6.802382649995716,5.069
1994-06-09,5.8,6.84204524360347,5.069
1994-06-10,5.85,6.82648418475172,5.069
1994-06-13,5.91,6.957044176314932,4.951499999999999
1994-06-14,5.81,6.966274607657105,4.951499999999999
1994-06-15,5.88,6.80333134185806,4.951499999999999
1994-06-16,5.83,6.943176562547307,4.951499999999999
1994-06-17,5.88,6.979184248232614,4.951499999999999
1994-06-20,5.92,7.0629408358607995,5.341
1994-06-21,6.04,7.08778830421875,5.341
1994-06-22,5.97,7.00369377625681,5.341
1994-06-23,5.94,6.937305441132318,5.341
1994-06-24,6.06,7.0301214535262275,5.341
1994-06-27,6.05,7.014191587736003,5.2095
1994-06-28,6.13,6.995231840999949,5.2095
1994-06-29,6.12,6.959780369170178,5.2095
1994-06-30,6.19,7.041137868223268,4.954000000000001
1994-07-01,6.19,7.036617487470114,4.954000000000001
1994-07-05,6.14,7.025191797655321,4.954000000000001
1994-07-06,6.11,7.003219912942465,4.954000000000001
1994-07-07,6.11,7.04712284746095,4.954000000000001
1994-07-08,6.25,7.042218905563641,4.954000000000001
1994-07-11,6.29,7.0150830133348,5.0315
1994-07-12,6.24,6.920454340026103,5.0315
1994-07-13,6.22,6.80440903317526,5.0315
1994-07-14,6.05,6.731024843336085,5.0315
1994-07-15,6.04,6.712876465767005,5.0315
1994-07-18,5.99,6.715525692289025,5.0435
1994-07-19,5.94,6.720897937398868,5.0435
1994-07-20,6.06,6.766182036766886,5.0435
1994-07-21,6.11,6.782914498920473,5.0435
1994-07-22,6.15,6.819083249568571,5.0435
1994-07-25,6.13,6.84716274486233,4.917999999999999
1994-07-26,6.16,6.862885343375863,4.917999999999999
1994-07-27,6.22,7.085331348002335,4.917999999999999
1994-07-28,6.21,7.174287862498901,4.917999999999999
1994-07-29,5.99,7.357561038610973,4.986
1994-08-01,6.03,7.338425471729448,4.986
1994-08-02,5.98,7.219827810001061,4.9825
1994-08-03,5.96,7.175525086897368,4.9825
1994-08-04,5.98,7.247230368817076,4.9825
1994-08-05,6.18,7.282996778967277,4.9825
1994-08-08,6.22,7.256746369446844,5.011
1994-08-09,6.26,7.259805728407242,5.011
1994-08-10,6.21,7.222981901149607,5.011
1994-08-11,6.26,7.385969125686261,5.011
1994-08-12,6.22,7.443681308632367,5.011
1994-08-15,6.26,7.4835463375138636,5.226
1994-08-16,6.21,7.462142721611735,5.226
1994-08-17,6.14,7.417389211586159,5.226
1994-08-18,6.23,7.500519043160514,5.226
1994-08-19,6.23,7.504147386181279,5.226
1994-08-22,6.27,7.501044282805054,5.3245000000000005
1994-08-23,6.26,7.521171855224304,5.3245000000000005
1994-08-24,6.18,7.532099732473263,5.3245000000000005
1994-08-25,6.24,7.492836351351989,5.3245000000000005
1994-08-26,6.21,7.491928787021311,5.3245000000000005
1994-08-29,6.2,7.491928787021311,5.3885000000000005
1994-08-30,6.18,7.49100150347646,5.3885000000000005
1994-08-31,6.17,7.46075674895014,5.2445
1994-09-01,6.15,7.390682323682171,5.2445
1994-09-02,6.17,7.452577071229028,5.2445
1994-09-06,6.22,7.540411543444295,5.2445
1994-09-07,6.22,7.522202686285118,5.2445
1994-09-08,6.22,7.385359679517825,5.2445
1994-09-09,6.35,7.493014105362053,5.2445
1994-09-12,6.37,7.6235510934002955,5.4095
1994-09-13,6.35,7.633548617140515,5.4095
1994-09-14,6.33,7.771011118295236,5.4095
1994-09-15,6.28,7.680711832147321,5.4095
1994-09-16,6.42,7.846707370493544,5.4095
1994-09-19,6.39,7.925953825773514,5.286
1994-09-20,6.44,8.01343017226072,5.286
1994-09-21,6.52,8.012775449741573,5.286
1994-09-22,6.5,7.9413777233606835,5.286
1994-09-23,6.52,7.921704529596169,5.286
1994-09-26,6.54,7.941268758201245,5.3165
1994-09-27,6.52,7.908790527866142,5.3165
1994-09-28,6.51,7.859055608261453,5.3165
1994-09-29,6.6,7.860234735639963,5.3165
1994-09-30,6.62,7.875377666106995,5.332
1994-10-03,6.69,7.953950742668983,5.2585
1994-10-04,6.68,7.9372987370558326,5.2585
1994-10-05,6.73,7.958065723627464,5.2585
1994-10-06,6.71,7.850575767656122,5.2585
1994-10-07,6.65,7.820108175750104,5.2585
1994-10-11,6.63,7.709389083325691,5.2585
1994-10-12,6.67,7.59578147312576,5.2585
1994-10-13,6.63,7.558173944578855,5.2585
1994-10-14,6.57,7.611868348675897,5.2585
1994-10-17,6.61,7.55032845727944,5.2620000000000005
1994-10-18,6.61,7.60058931388646,5.2620000000000005
1994-10-19,6.66,7.635810345646868,5.2620000000000005
1994-10-20,6.77,7.659620898818028,5.2620000000000005
1994-10-21,6.8,7.695427297434788,5.2620000000000005
1994-10-24,6.84,7.739633986799744,5.343999999999999
1994-10-25,6.87,7.850689943765117,5.343999999999999
1994-10-26,6.9,7.888939115911704,5.343999999999999
1994-10-27,6.89,7.820365576833745,5.343999999999999
1994-10-28,6.82,7.7168514689429815,5.343999999999999
1994-10-31,6.84,7.783013887568627,5.3149999999999995
1994-11-01,6.93,7.7393596795346244,5.3149999999999995
1994-11-02,6.96,7.731370996753715,5.3149999999999995
1994-11-03,6.98,7.695655275238108,5.3149999999999995
1994-11-04,7.05,7.624852809775136,5.3149999999999995
1994-11-07,7.06,7.690276933401632,5.3855
1994-11-08,7.02,7.701140618182348,5.3855
1994-11-09,7.01,7.655496011466467,5.3855
1994-11-10,7.06,7.626710075043676,5.3855
1994-11-14,7.06,7.686512325457602,5.295
1994-11-15,7.1,7.6207544308779855,5.295
1994-11-16,7.15,7.570678297117925,5.295
1994-11-17,7.21,7.558565394589323,5.295
1994-11-18,7.23,7.5357662489908535,5.295
1994-11-21,7.3,7.5632784255972805,5.306
1994-11-22,7.29,7.563862713205456,5.306
1994-11-23,7.18,7.485516213816755,5.306
1994-11-25,7.19,7.545078976903423,5.306
1994-11-28,7.35,7.52550314551409,5.0875
1994-11-29,7.44,7.607658369315712,5.0875
1994-11-30,7.4,7.629185636549493,5.103
1994-12-01,7.42,7.673661876960869,5.103
1994-12-02,7.44,7.661723606148883,5.103
1994-12-05,7.58,7.729714573038233,5.229
1994-12-06,7.44,7.823669083734838,5.229
1994-12-07,7.48,7.783727870130797,5.229
1994-12-08,7.51,7.753610190732228,5.229
1994-12-09,7.53,7.711445563991985,5.229
1994-12-12,7.62,7.789896197063391,5.1690000000000005
1994-12-13,7.71,7.834140191978801,5.1690000000000005
1994-12-14,7.59,7.805682011564996,5.1690000000000005
1994-12-15,7.54,7.777901226388606,5.1690000000000005
1994-12-16,7.59,7.784301612418912,5.1690000000000005
1994-12-19,7.59,7.772126107170858,5.16
1994-12-20,7.56,7.779348622985638,5.16
1994-12-21,7.58,7.760712177324088,5.16
1994-12-22,7.7,7.771703447503089,5.16
1994-12-23,7.74,7.780069016357359,5.16
1994-12-27,7.67,7.780069016357359,5.18
1994-12-28,7.71,7.811965085383099,5.18
1994-12-29,7.69,7.998037929807941,5.18
1994-12-30,7.69,7.992560342613906,5.084
1995-01-03,7.73,8.030953249703487,5.0835
1995-01-04,7.62,8.017573488091497,5.0835
1995-01-05,7.66,8.026243799553717,5.0835
1995-01-06,7.64,7.997903019946473,5.0835
1995-01-09,7.68,8.009046342656543,5.170999999999999
1995-01-10,7.63,8.015046906191385,5.170999999999999
1995-01-11,7.58,7.942432000854714,5.170999999999999
1995-01-12,7.56,7.922296517581177,5.170999999999999
1995-01-13,7.39,7.916230227655656,5.170999999999999
1995-01-17,7.44,7.892343958057105,5.170999999999999
1995-01-18,7.48,7.961349798816986,5.170999999999999
1995-01-19,7.49,7.966402864620224,5.170999999999999
1995-01-20,7.5,7.964286483197284,5.170999999999999
1995-01-23,7.5,7.9889643794567515,5.196999999999999
1995-01-24,7.57,7.989664118253996,5.196999999999999
1995-01-25,7.5,7.997177713031355,5.196999999999999
1995-01-26,7.39,7.966694230254398,5.196999999999999
1995-01-27,7.29,7.907416423790653,5.196999999999999
1995-01-30,7.23,7.893401527497184,5.2195
1995-01-31,7.26,7.858866547064365,5.0615
1995-02-01,7.33,7.844750684989155,5.0615
1995-02-02,7.4,7.872022409102218,5.0615
1995-02-03,7.14,7.853470983643455,5.0615
1995-02-06,7.18,7.881942137903797,5.036
1995-02-07,7.19,7.7998577571102246,5.036
1995-02-08,7.18,7.816654585969338,5.036
1995-02-09,7.23,7.823938104012315,5.036
1995-02-10,7.33,7.859331047400564,5.036
1995-02-13,7.32,8.034085869269937,5.157
1995-02-14,7.21,8.060486008491036,5.157
1995-02-15,7.12,7.90564700681786,5.157
1995-02-16,7.02,7.913033540731516,5.157
1995-02-17,7.07,7.9290796248915125,5.157
1995-02-21,7.09,7.9754444527972135,5.157
1995-02-22,6.92,7.932794175166786,5.157
1995-02-23,6.92,7.813815192503788,5.157
1995-02-24,6.89,7.898372877493602,5.157
1995-02-27,6.79,7.893546907171355,5.1615
1995-02-28,6.79,7.888548341156534,5.047
1995-03-01,6.81,7.8694458370381355,5.047
1995-03-02,6.88,7.813813043351714,5.047
1995-03-03,6.89,7.820727125465527,5.047
1995-03-06,6.96,7.8554253859464875,5.125
1995-03-07,7.0,8.035267080278526,5.125
1995-03-08,6.93,7.98667014295812,5.125
1995-03-09,6.83,7.963922492381699,5.125
1995-03-10,6.83,7.948912241623569,5.125
1995-03-13,6.76,7.954934636029259,5.0585
1995-03-14,6.69,7.826311952424541,5.0585
1995-03-15,6.71,7.791825065492157,5.0585
1995-03-16,6.68,7.722140194897532,5.0585
1995-03-17,6.69,7.775375033708784,5.0585
1995-03-20,6.69,7.7558524734133645,4.946
1995-03-21,6.71,7.707807314321697,4.946
1995-03-22,6.75,7.704266398694087,4.946
1995-03-23,6.75,7.696866845246804,4.946
1995-03-24,6.64,7.663387831064767,4.946
1995-03-27,6.62,7.668393437097036,4.879
1995-03-28,6.73,7.703281342677641,4.879
1995-03-29,6.73,7.754954504433755,4.879
1995-03-30,6.76,7.643119438605385,4.879
1995-03-31,6.8,7.7344036206983615,4.7965
1995-04-03,6.75,7.69965189392849,4.818
1995-04-04,6.71,7.674194160468757,4.818
1995-04-05,6.7,7.649915785521366,4.818
1995-04-06,6.66,7.681459200710283,4.818
1995-04-07,6.65,7.5756591479018045,4.818
1995-04-10,6.66,7.618501548303419,4.5665
1995-04-11,6.65,7.616454181077574,4.5665
1995-04-12,6.61,7.560372449239801,4.5665
1995-04-13,6.51,7.545793527088943,4.5665
1995-04-14,6.51,7.545793527088943,4.5665
1995-04-17,6.48,7.545793527088943,4.5665
1995-04-18,6.44,7.543595827561216,4.5705
1995-04-19,6.51,7.656421393251099,4.5705
1995-04-20,6.43,7.642872173828098,4.5705
1995-04-21,6.44,7.5785494501112645,4.5705
1995-04-24,6.46,7.6254453710249885,4.5195
1995-04-25,6.48,7.717938958717554,4.5195
1995-04-26,6.5,7.686399594561068,4.5195
1995-04-27,6.55,7.73332150665989,4.5195
1995-04-28,6.6,7.767000084254026,4.6345
1995-05-01,6.62,7.788834669329008,4.6345
1995-05-02,6.55,7.773224119264954,4.638
1995-05-03,6.47,7.7197133414199355,4.638
1995-05-04,6.35,7.672460411148037,4.638
1995-05-05,6.16,7.553876192528863,4.638
1995-05-08,6.18,7.553876192528863,4.5905000000000005
1995-05-09,6.08,7.565005989051457,4.5905000000000005
1995-05-10,6.11,7.46519022392121,4.5905000000000005
1995-05-11,6.2,7.56898001615179,4.5905000000000005
1995-05-12,6.2,7.573454195208853,4.5905000000000005
1995-05-15,6.16,7.567835294906676,4.6195
1995-05-16,6.11,7.501220569113717,4.6195
1995-05-17,6.11,7.4921922107048395,4.6195
1995-05-18,6.18,7.368888439730917,4.6195
1995-05-19,6.19,7.357568991064636,4.6195
1995-05-22,6.19,7.344684089978018,4.645
1995-05-23,6.15,7.321155461047795,4.645
1995-05-24,6.01,7.119881041068989,4.645
1995-05-25,5.99,7.0997022997537265,4.645
1995-05-26,5.97,7.208520021022066,4.645
1995-05-30,5.89,7.159522196102469,4.645
1995-05-31,5.89,7.14039840241317,4.4885
1995-06-01,5.71,7.008889241934366,4.4885
1995-06-02,5.54,6.863830670175629,4.4885
1995-06-05,5.54,6.795807155452568,4.4885
1995-06-06,5.57,6.819790039499319,4.4544999999999995
1995-06-07,5.74,6.921925221943239,4.4544999999999995
1995-06-08,5.82,7.015413865057292,4.4544999999999995
1995-06-09,6.01,7.23170135520976,4.4544999999999995
1995-06-12,5.96,7.247202485892365,4.644
1995-06-13,5.63,7.069723805666997,4.644
1995-06-14,5.67,7.128767449582099,4.644
1995-06-15,5.73,7.19941969378986,4.644
1995-06-16,5.77,7.283637133990495,4.644
1995-06-19,5.65,7.20726454011831,4.5440000000000005
1995-06-20,5.72,7.199717630914107,4.5440000000000005
1995-06-21,5.68,7.1883913513375255,4.5440000000000005
1995-06-22,5.61,7.092594542384164,4.5440000000000005
1995-06-23,5.64,7.189250562169292,4.5440000000000005
1995-06-26,5.71,7.3838244803826365,4.41
1995-06-27,5.7,7.510373771202436,4.41
1995-06-28,5.67,7.522406230095774,4.41
1995-06-29,5.89,7.531107495449302,4.41
1995-06-30,5.79,7.522624626927694,4.4855
1995-07-03,5.79,7.492355059966744,4.503
1995-07-05,5.78,7.341452549977559,4.503
1995-07-06,5.56,7.362725834871624,4.503
1995-07-07,5.54,7.176009973240827,4.503
1995-07-10,5.56,7.158539726193276,4.3614999999999995
1995-07-11,5.59,7.158803678149972,4.3614999999999995
1995-07-12,5.59,7.15069068960309,4.3614999999999995
1995-07-13,5.61,7.171526517428825,4.3614999999999995
1995-07-14,5.7,7.248488065044584,4.3614999999999995
1995-07-17,5.77,7.221614106042354,4.338
1995-07-18,5.77,7.24210216518098,4.338
1995-07-19,5.89,7.240115507477266,4.338
1995-07-20,5.91,7.256425604192635,4.338
1995-07-21,5.95,7.23646400177016,4.338
1995-07-24,5.97,7.19532215091197,4.3345
1995-07-25,5.94,7.147881420287298,4.3345
1995-07-26,5.97,7.093981367365321,4.3345
1995-07-27,5.91,7.117989601816473,4.3345
1995-07-28,5.92,7.191469275559986,4.3345
1995-07-31,5.88,7.197032923852653,4.2935
1995-08-01,5.94,7.19993000057865,4.2935
1995-08-02,5.86,7.128968896780613,4.2935
1995-08-03,5.94,7.137979903225343,4.2935
1995-08-04,5.91,7.116563573963415,4.2935
1995-08-07,5.9,7.099015605937675,4.1015
1995-08-08,5.9,7.056253406195403,4.1015
1995-08-09,5.93,7.056221337608291,4.1015
1995-08-10,5.95,7.008690859635161,4.1015
1995-08-11,6.05,7.076954924515623,4.1015
1995-08-14,6.05,7.211548775793881,4.2845
1995-08-15,6.11,7.266305629314802,4.2845
1995-08-16,6.07,7.171420109456014,4.2845
1995-08-17,6.12,7.118869753164795,4.2845
1995-08-18,6.13,7.066852364801138,4.2845
1995-08-21,6.08,7.013064564148497,4.1445
1995-08-22,6.1,7.011659589815528,4.1445
1995-08-23,6.11,7.023002136241596,4.1445
1995-08-24,6.0,6.992673255632545,4.1445
1995-08-25,5.9,6.965259227013429,4.1445
1995-08-28,5.85,6.965259227013429,4.232
1995-08-29,5.93,6.912296661934306,4.232
1995-08-30,5.88,6.888824317229979,4.232
1995-08-31,5.85,6.9093958798841255,4.298
1995-09-01,5.78,6.803965020396147,4.298
1995-09-05,5.77,6.792084780773405,4.298
1995-09-06,5.76,6.770745364112426,4.298
1995-09-07,5.8,6.759779070412128,4.298
1995-09-08,5.85,6.728994337774568,4.298
1995-09-11,5.83,6.731667281908067,4.1895
1995-09-12,5.77,6.65736478801902,4.1895
1995-09-13,5.8,6.615442772555628,4.1895
1995-09-14,5.68,6.566925481893991,4.1895
1995-09-15,5.71,6.622205285837913,4.1895
1995-09-18,5.77,6.707367016293385,4.0169999999999995
1995-09-19,5.75,6.705401649993753,4.0169999999999995
1995-09-20,5.73,6.701096778844122,4.0169999999999995
1995-09-21,5.83,6.727470854034465,4.0169999999999995
1995-09-22,5.85,6.859700084886848,4.0169999999999995
1995-09-25,5.89,6.8884197040643125,3.9734999999999996
1995-09-26,5.88,6.853928382535428,3.9734999999999996
1995-09-27,5.92,6.948590683596874,3.9734999999999996
1995-09-28,5.92,6.907877263861368,3.9734999999999996
1995-09-29,5.83,6.816587258380522,4.037
1995-10-02,5.82,6.732323086063008,4.048
1995-10-03,5.8,6.689971946364446,4.048
1995-10-04,5.75,6.686021990453553,4.048
1995-10-05,5.72,6.696385699648848,4.048
1995-10-06,5.73,6.718449403443016,4.048
1995-10-10,5.74,6.842004863515521,4.048
1995-10-11,5.75,6.897969768782952,4.048
1995-10-12,5.72,6.961345727761405,4.048
1995-10-13,5.67,6.91295620371256,4.048
1995-10-16,5.67,6.916829867313684,3.926
1995-10-17,5.65,6.9300130011253485,3.926
1995-10-18,5.67,6.815853956690695,3.926
1995-10-19,5.67,6.810402267095473,3.926
1995-10-20,5.72,6.868527266305639,3.926
1995-10-23,5.76,6.914027696713382,3.8369999999999997
1995-10-24,5.68,6.907698010126004,3.8369999999999997
1995-10-25,5.64,6.799552262416575,3.8369999999999997
1995-10-26,5.61,6.784541728490429,3.8369999999999997
1995-10-27,5.64,6.7926427437465104,3.8369999999999997
1995-10-30,5.62,6.77664056432234,3.8625
1995-10-31,5.61,6.731279378802292,3.8625
1995-11-01,5.52,6.715262819534167,3.8625
1995-11-02,5.46,6.69071762870274,3.8625
1995-11-03,5.49,6.68127666110383,3.8625
1995-11-06,5.51,6.628731399410201,3.75
1995-11-07,5.54,6.629574268739104,3.75
1995-11-08,5.47,6.556982178395806,3.75
1995-11-09,5.49,6.565842816171343,3.75
1995-11-10,5.52,6.648377491457366,3.75
1995-11-13,5.49,6.589162668610493,3.4835
1995-11-14,5.47,6.58525496796283,3.4835
1995-11-15,5.53,6.564439924947521,3.4835
1995-11-16,5.46,6.4522690512149925,3.4835
1995-11-17,5.46,6.48901943804333,3.4835
1995-11-20,5.46,6.51659653281628,3.4939999999999998
1995-11-21,5.49,6.512741155654518,3.4939999999999998
1995-11-22,5.51,6.451382099928201,3.4939999999999998
1995-11-24,5.49,6.3968188127416,3.4939999999999998
1995-11-27,5.46,6.32773990559494,3.3935000000000004
1995-11-28,5.45,6.3888565765099825,3.3935000000000004
1995-11-29,5.42,6.2848226905212785,3.3935000000000004
1995-11-30,5.36,6.264347341328196,3.357
1995-12-01,5.32,6.213850410793385,3.357
1995-12-04,5.27,6.226823781093278,3.3649999999999998
1995-12-05,5.29,6.2179562122838865,3.3649999999999998
1995-12-06,5.32,6.180339791517101,3.3649999999999998
1995-12-07,5.39,6.211053765077708,3.3649999999999998
1995-12-08,5.39,6.252083379653113,3.3649999999999998
1995-12-11,5.38,6.247081001920477,3.5039999999999996
1995-12-12,5.39,6.246773452297236,3.5039999999999996
1995-12-13,5.39,6.204208849173477,3.5039999999999996
1995-12-14,5.38,6.156046651460407,3.5039999999999996
1995-12-15,5.36,6.130438371424992,3.5039999999999996
1995-12-18,5.43,6.176742216610199,3.4295
1995-12-19,5.36,6.224063076960997,3.4295
1995-12-20,5.33,6.201389443315745,3.4295
1995-12-21,5.33,6.236754297261742,3.4295
1995-12-22,5.28,6.2260827056946155,3.4295
1995-12-26,5.27,6.2260827056946155,3.4295
1995-12-27,5.23,6.190103935294576,3.493
1995-12-28,5.2,6.203078169958435,3.493
1995-12-29,5.18,6.1798703926530845,3.354
1996-01-02,5.18,6.297652661258307,3.354
1996-01-03,5.17,6.357504285829858,3.3535
1996-01-04,5.17,6.293347516369387,3.3535
1996-01-05,5.2,6.3312373999269225,3.3535
1996-01-08,5.2,6.368638279832179,3.2720000000000002
1996-01-09,5.18,6.358751253163583,3.2720000000000002
1996-01-10,5.22,6.355741283007207,3.2720000000000002
1996-01-11,5.22,6.320640618808781,3.2720000000000002
1996-01-12,5.17,6.263634338735693,3.2720000000000002
1996-01-16,5.08,6.154309189673131,3.2720000000000002
1996-01-17,5.05,6.157761006653799,3.2720000000000002
1996-01-18,5.01,5.981036200668372,3.2720000000000002
1996-01-19,5.03,6.008971639113238,3.2720000000000002
1996-01-22,5.08,6.055587449652595,3.4145
1996-01-23,5.09,6.098083407863647,3.4145
1996-01-24,5.07,6.067318496006664,3.4145
1996-01-25,5.11,6.102543462623351,3.4145
1996-01-26,5.08,6.124695855758609,3.4145
1996-01-29,5.1,6.160145234284001,3.6529999999999996
1996-01-30,5.02,6.13091978919121,3.6529999999999996
1996-01-31,4.93,6.152217516866772,3.66
1996-02-01,4.93,6.1411845876527416,3.66
1996-02-02,4.9,6.183647514929298,3.66
1996-02-05,4.95,6.278576111285611,3.934
1996-02-06,4.93,6.2208430023593895,3.934
1996-02-07,4.92,6.175828249321988,3.934
1996-02-08,4.9,6.158028483560943,3.934
1996-02-09,4.85,6.1688167482050105,3.934
1996-02-12,4.83,6.174587690384977,3.8655
1996-02-13,4.8,6.161138396556176,3.8655
1996-02-14,4.82,6.220256156169685,3.8655
1996-02-15,4.87,6.18415016693286,3.8655
1996-02-16,4.9,6.158377714643691,3.8655
1996-02-20,5.18,6.489031701504862,3.8655
1996-02-21,5.16,6.42170293125619,3.8655
1996-02-22,5.11,6.422092016690149,3.8655
1996-02-23,5.13,6.416307367519961,3.8655
1996-02-26,5.18,6.49578043975981,3.8360000000000003
1996-02-27,5.28,6.47220618082778,3.8360000000000003
1996-02-28,5.43,6.46403763120945,3.781
1996-02-29,5.44,6.49371941248158,3.781
1996-03-01,5.26,6.3579637983880986,3.781
1996-03-04,5.21,6.236558929059295,3.68
1996-03-05,5.28,6.266365849202889,3.68
1996-03-06,5.36,6.287144779479056,3.68
1996-03-07,5.4,6.35490647043678,3.68
1996-03-08,5.73,6.559813591049271,3.68
1996-03-11,5.71,6.737090310490321,3.8415
1996-03-12,5.78,6.761440383897796,3.8415
1996-03-13,5.73,6.663616394378096,3.8415
1996-03-14,5.7,6.602866081871878,3.8415
1996-03-15,5.87,6.665169800670776,3.8415
1996-03-18,5.89,6.691161225240039,3.8775
1996-03-19,5.85,6.698991084899256,3.8775
1996-03-20,5.76,6.678494128632304,3.8775
1996-03-21,5.72,6.633317889320524,3.8775
1996-03-22,5.74,6.6902081384627445,3.8775
1996-03-25,5.69,6.659462267403884,3.7720000000000002
1996-03-26,5.72,6.705309640937092,3.7720000000000002
1996-03-27,5.81,6.71058609059679,3.7720000000000002
1996-03-28,5.88,6.777199228253417,3.7720000000000002
1996-03-29,5.79,6.7535140383566645,3.6835
1996-04-01,5.79,6.702249955016059,3.665
1996-04-02,5.74,6.677409428496343,3.665
1996-04-03,5.77,6.696721243242224,3.665
1996-04-04,5.83,6.6984313174798045,3.665
1996-04-05,6.09,6.6984313174798045,3.665
1996-04-08,6.11,6.6984313174798045,3.665
1996-04-09,6.06,6.776080134688699,3.7119999999999997
1996-04-10,6.1,6.757010637406028,3.7119999999999997
1996-04-11,6.12,6.816894242827642,3.7119999999999997
1996-04-12,5.96,6.768694056110856,3.7119999999999997
1996-04-15,5.93,6.739729274983744,3.7729999999999997
1996-04-16,5.91,6.69323588824193,3.7729999999999997
1996-04-17,5.96,6.829185924679648,3.7729999999999997
1996-04-18,6.02,6.773302655376888,3.7729999999999997
1996-04-19,5.95,6.738362993350677,3.7729999999999997
1996-04-22,5.92,6.727571047139115,3.6765
1996-04-23,5.93,6.7284962678110265,3.6765
1996-04-24,5.95,6.7046268555932915,3.6765
1996-04-25,5.99,6.604909165637133,3.6765
1996-04-26,5.92,6.608552611915049,3.6765
1996-04-29,5.98,6.622788273676136,3.6985
1996-04-30,6.03,6.635239893802813,3.6395
1996-05-01,6.03,6.650186991982894,3.6395
1996-05-02,6.16,6.731090308587713,3.6395
1996-05-03,6.2,6.753331987055068,3.6395
1996-05-06,6.15,6.753331987055068,3.8979999999999997
1996-05-07,6.2,6.744105428836165,3.8979999999999997
1996-05-08,6.15,6.713320182458052,3.8979999999999997
1996-05-09,6.14,6.699346764766114,3.8979999999999997
1996-05-10,6.04,6.656806853676206,3.8979999999999997
1996-05-13,6.06,6.6431154762774725,3.9215
1996-05-14,6.01,6.631478987416667,3.9215
1996-05-15,6.01,6.667534091004946,3.9215
1996-05-16,6.08,6.684349965562658,3.9215
1996-05-17,6.04,6.622218126829541,3.9215
1996-05-20,6.02,6.634154128189923,3.9095
1996-05-21,6.03,6.6568996364386095,3.9095
1996-05-22,6.03,6.664120457229457,3.9095
1996-05-23,6.05,6.6149283988025855,3.9095
1996-05-24,6.03,6.607408201623604,3.9095
1996-05-28,6.05,6.6188046574257235,3.9859999999999998
1996-05-29,6.16,6.620911083140513,4.164
1996-05-30,6.18,6.6957422449545225,4.164
1996-05-31,6.27,6.694661355768414,4.164
1996-06-03,6.26,6.669814332350333,4.1475
1996-06-04,6.24,6.609934113636809,4.1475
1996-06-05,6.24,6.6415245531655485,4.1475
1996-06-06,6.16,6.4897313629290645,4.1475
1996-06-07,6.4,6.547359841366694,4.1475
1996-06-10,6.4,6.491577237595417,4.174
1996-06-11,6.37,6.457425778614169,4.174
1996-06-12,6.39,6.483370302360244,4.174
1996-06-13,6.36,6.472316681144077,4.174
1996-06-14,6.29,6.517373709347801,4.174
1996-06-17,6.27,6.52724209654949,4.273
1996-06-18,6.28,6.521586475249344,4.273
1996-06-19,6.31,6.493506537053875,4.273
1996-06-20,6.38,6.492123703957942,4.273
1996-06-21,6.35,6.444110757340368,4.273
1996-06-24,6.32,6.420329735227429,4.0794999999999995
1996-06-25,6.3,6.4183179133034205,4.0794999999999995
1996-06-26,6.3,6.404994140474008,4.0794999999999995
1996-06-27,6.21,6.451761485220405,4.0794999999999995
1996-06-28,6.11,6.38349061798246,3.9185
1996-07-01,6.15,6.394522868544568,4.0175
1996-07-02,6.22,6.361055571397639,4.0175
1996-07-03,6.2,6.36089862264858,4.0175
1996-07-05,6.44,6.378290867158784,4.0175
1996-07-08,6.43,6.373401378890517,4.0715
1996-07-09,6.41,6.321474553265044,4.0715
1996-07-10,6.34,6.281794426760159,4.0715
1996-07-11,6.28,6.278550434720021,4.0715
1996-07-12,6.26,6.30682740439896,4.0715
1996-07-15,6.32,6.3150682243794245,4.0975
1996-07-16,6.23,6.332582196065325,4.0975
1996-07-17,6.23,6.325893794663785,4.0975
1996-07-18,6.16,6.3208891587579155,4.0975
1996-07-19,6.18,6.32939455195359,4.0975
1996-07-22,6.23,6.34473300402576,3.9515
1996-07-23,6.23,6.376652499198832,3.9515
1996-07-24,6.26,6.342152540113695,3.9515
1996-07-25,6.28,6.353078011127461,3.9515
1996-07-26,6.25,6.321047662390841,3.9515
1996-07-29,6.32,6.3242346105717395,3.9645
1996-07-30,6.3,6.3390662914734275,3.9645
1996-07-31,6.22,6.351269503049115,3.912
1996-08-01,6.08,6.32980118548013,3.912
1996-08-02,5.91,6.27783312312539,3.912
1996-08-05,5.93,6.231556019425572,4.032
1996-08-06,5.93,6.228211815945765,4.032
1996-08-07,5.97,6.253762448297135,4.032
1996-08-08,5.97,6.311654915677053,4.032
1996-08-09,5.93,6.3419677428590475,4.032
1996-08-12,5.92,6.337567046692384,3.974
1996-08-13,5.97,6.3155567054749255,3.974
1996-08-14,5.97,6.36672380031964,3.974
1996-08-15,6.0,6.363832687762027,3.974
1996-08-16,5.95,6.307613514042809,3.974
1996-08-19,5.97,6.308566216082867,3.9325
1996-08-20,5.97,6.301822039915334,3.9325
1996-08-21,5.99,6.302921391075284,3.9325
1996-08-22,6.0,6.220194103986583,3.9325
1996-08-23,6.09,6.2385948078283056,3.9325
1996-08-26,6.18,6.2385948078283056,3.9130000000000003
1996-08-27,6.17,6.253692247557227,3.9130000000000003
1996-08-28,6.17,6.255188384840449,3.9130000000000003
1996-08-29,6.23,6.239775852659511,3.9130000000000003
1996-08-30,6.34,6.265556261431655,3.7915
1996-09-03,6.35,6.281013462049026,3.7915
1996-09-04,6.38,6.29729776254168,3.7915
1996-09-05,6.38,6.351706241887039,3.7915
1996-09-06,6.33,6.3581580856906825,3.7915
1996-09-09,6.32,6.325636427622619,3.819
1996-09-10,6.34,6.322219795290312,3.819
1996-09-11,6.34,6.3274782281798485,3.819
1996-09-12,6.27,6.29798334344441,3.819
1996-09-13,6.1,6.233795150785377,3.819
1996-09-16,6.14,6.236508310180958,3.635
1996-09-17,6.22,6.268771464489438,3.635
1996-09-18,6.26,6.3545254750398215,3.635
1996-09-19,6.29,6.369882499162785,3.635
1996-09-20,6.26,6.390635981408567,3.635
1996-09-23,6.24,6.462049358783806,3.7275
1996-09-24,6.16,6.455842300136794,3.7275
1996-09-25,6.08,6.393641088417793,3.7275
1996-09-26,6.05,6.341483024452583,3.7275
1996-09-27,6.07,6.311392056908964,3.7275
1996-09-30,6.1,6.332752242559009,3.5945
1996-10-01,6.03,6.30801745997923,3.5945
1996-10-02,5.98,6.217298701172022,3.5945
1996-10-03,6.0,6.2206899510922185,3.5945
1996-10-04,5.85,6.173354551439217,3.5945
1996-10-07,5.89,6.186889628900993,3.4865000000000004
1996-10-08,5.9,6.169431955532394,3.4865000000000004
1996-10-09,5.96,6.149242397948853,3.4865000000000004
1996-10-10,6.01,6.28491654237473,3.4865000000000004
1996-10-11,5.92,6.283712184704604,3.4865000000000004
1996-10-15,5.93,6.233452156478127,3.4865000000000004
1996-10-16,5.94,6.365343069979351,3.4865000000000004
1996-10-17,5.89,6.380790921796002,3.4865000000000004
1996-10-18,5.89,6.477135099311675,3.4865000000000004
1996-10-21,5.91,6.486238727091245,3.4320000000000004
1996-10-22,5.95,6.402679387446529,3.4320000000000004
1996-10-23,5.94,6.417306183448409,3.4320000000000004
1996-10-24,5.94,6.480469297010673,3.4320000000000004
1996-10-25,5.9,6.40418683040746,3.4320000000000004
1996-10-28,5.92,6.463974853953502,3.5945
1996-10-29,5.77,6.457152391748306,3.5945
1996-10-30,5.79,6.643156165505499,3.5945
1996-10-31,5.77,6.640684469987565,3.441
1996-11-01,5.79,6.708636519921446,3.441
1996-11-04,5.78,6.74696026607603,3.636
1996-11-05,5.74,6.658199111968013,3.636
1996-11-06,5.76,6.732549226563397,3.636
1996-11-07,5.75,6.7925376135394995,3.636
1996-11-08,5.76,6.807292606019448,3.636
1996-11-12,5.73,6.765996773543984,3.636
1996-11-13,5.71,6.898937570211381,3.636
1996-11-14,5.66,6.884465689573144,3.636
1996-11-15,5.68,6.866151609404833,3.636
1996-11-18,5.7,6.827143067117078,3.7565
1996-11-19,5.68,6.813999185095546,3.7565
1996-11-20,5.65,6.839401938297679,3.7565
1996-11-21,5.67,6.812036488487097,3.7565
1996-11-22,5.69,6.766173259197199,3.7565
1996-11-25,5.67,6.717437855355447,3.604
1996-11-26,5.66,6.690096465302445,3.604
1996-11-27,5.66,6.7263910591596145,3.604
1996-11-29,5.59,6.672215152309277,3.542
1996-12-02,5.61,6.690074984096031,3.623
1996-12-03,5.61,6.704827042891662,3.623
1996-12-04,5.64,6.783322576119698,3.623
1996-12-05,5.71,6.7594296074215885,3.623
1996-12-06,5.73,6.757361557707768,3.623
1996-12-09,5.7,6.701642526872578,3.5730000000000004
1996-12-10,5.71,6.675989031261949,3.5730000000000004
1996-12-11,5.82,6.739206174890114,3.5730000000000004
1996-12-12,5.84,6.771653627156904,3.5730000000000004
1996-12-13,5.77,6.714613552025052,3.5730000000000004
1996-12-16,5.82,6.702454798342572,3.4905
1996-12-17,5.87,6.731964473633941,3.4905
1996-12-18,5.89,6.834406240596189,3.4905
1996-12-19,5.83,6.837693136775249,3.4905
1996-12-20,5.83,6.826779692406112,3.4905
1996-12-23,5.85,6.7784976288101335,3.466
1996-12-24,5.85,6.7656609834035,3.466
1996-12-26,5.85,6.7656609834035,3.466
1996-12-27,5.81,6.787126062613832,3.466
1996-12-30,5.8,6.798006104415366,3.3945
1996-12-31,5.88,6.7972761484760875,3.484
1997-01-02,5.97,6.861341765150929,3.484
1997-01-03,5.95,6.848781958415002,3.484
1997-01-06,5.97,6.891879670017131,3.54
1997-01-07,5.98,6.888747636113584,3.54
1997-01-08,6.01,6.849832572621688,3.54
1997-01-09,5.94,6.788976197300325,3.54
1997-01-10,6.06,6.760885939923952,3.54
1997-01-13,6.07,6.714502513745262,3.5040000000000004
1997-01-14,5.98,6.713092974062751,3.5040000000000004
1997-01-15,5.98,6.729063171409651,3.5040000000000004
1997-01-16,6.0,6.6101091658794076,3.5040000000000004
1997-01-17,6.0,6.583356355986446,3.5040000000000004
1997-01-21,5.99,6.626405110611698,3.5040000000000004
1997-01-22,6.0,6.529194398684969,3.5040000000000004
1997-01-23,6.06,6.5706831134762025,3.5040000000000004
1997-01-24,6.07,6.632451316327663,3.5040000000000004
1997-01-27,6.11,6.640881089601219,3.346
1997-01-28,6.04,6.606270305380783,3.346
1997-01-29,6.04,6.642814929922372,3.346
1997-01-30,6.01,6.638936888599699,3.346
1997-01-31,5.94,6.5951300428231345,3.365
1997-02-03,5.89,6.556715343564277,3.3195
1997-02-04,5.88,6.551825627583317,3.3195
1997-02-05,5.91,6.584966617402413,3.3195
1997-02-06,5.91,6.5504555956291926,3.3195
1997-02-07,5.86,6.454090026556628,3.3195
1997-02-10,5.87,6.485839534026243,3.1725
1997-02-11,5.88,6.478684359649402,3.1725
1997-02-12,5.9,6.450936117480871,3.1725
1997-02-13,5.83,6.45744937229006,3.1725
1997-02-14,5.79,6.463914676007675,3.1725
1997-02-18,5.8,6.393021801612271,3.1725
1997-02-19,5.82,6.408878821649417,3.1725
1997-02-20,5.85,6.382153375524065,3.1725
1997-02-21,5.85,6.397547938629492,3.1725
1997-02-24,5.89,6.413039124109448,3.1265
1997-02-25,5.9,6.401003549416809,3.1265
1997-02-26,6.06,6.438563344687465,3.1265
1997-02-27,6.09,6.440799786321216,3.1265
1997-02-28,6.09,6.548298664346394,3.0835
1997-03-03,6.11,6.537271219441696,3.0715000000000003
1997-03-04,6.11,6.4966341952397535,3.0715000000000003
1997-03-05,6.13,6.522067961708677,3.0715000000000003
1997-03-06,6.15,6.496883637561647,3.0715000000000003
1997-03-07,6.1,6.460695865619778,3.0715000000000003
1997-03-10,6.1,6.44266074333753,3.1285
1997-03-11,6.09,6.438364042572934,3.1285
1997-03-12,6.12,6.481547585065933,3.1285
1997-03-13,6.21,6.524491885282744,3.1285
1997-03-14,6.18,6.52226328817824,3.1285
1997-03-17,6.22,6.5938502857162895,3.2234999999999996
1997-03-18,6.22,6.630524164300608,3.2234999999999996
1997-03-19,6.24,6.840101097491301,3.2234999999999996
1997-03-20,6.27,6.890702907481989,3.2234999999999996
1997-03-21,6.29,6.86775801200393,3.2234999999999996
1997-03-24,6.29,6.876051470238506,3.2495
1997-03-25,6.33,6.857732445298353,3.2495
1997-03-26,6.38,6.876627907490293,3.2495
1997-03-27,6.45,6.905294312270548,3.2495
1997-03-28,6.45,6.905294312270548,3.2495
1997-03-31,6.45,6.905294312270548,3.373
1997-04-01,6.42,6.964266147097958,3.373
1997-04-02,6.42,6.918686149555989,3.373
1997-04-03,6.4,6.926809792566713,3.373
1997-04-04,6.44,6.921281611476473,3.373
1997-04-07,6.41,6.909912773312356,3.3345000000000002
1997-04-08,6.44,6.872770444282843,3.3345000000000002
1997-04-09,6.44,6.834590369264857,3.3345000000000002
1997-04-10,6.46,6.819226199232263,3.3345000000000002
1997-04-11,6.53,6.8654273479159205,3.3345000000000002
1997-04-14,6.54,6.836812536761156,3.403
1997-04-15,6.45,6.777488926634849,3.403
1997-04-16,6.49,6.800020932888506,3.403
1997-04-17,6.44,6.762235729948626,3.403
1997-04-18,6.42,6.805363998361543,3.403
1997-04-21,6.46,6.8528468858535145,3.4265
1997-04-22,6.43,6.858406784852956,3.4265
1997-04-23,6.47,6.865751918701612,3.4265
1997-04-24,6.52,6.8963160312431775,3.4265
1997-04-25,6.54,6.919595784027877,3.4265
1997-04-28,6.51,6.906067512891992,3.4699999999999998
1997-04-29,6.34,6.8367566975473055,3.4699999999999998
1997-04-30,6.29,6.761573429060775,3.239
1997-05-01,6.27,6.764821591782025,3.239
1997-05-02,6.26,6.756494245694656,3.239
1997-05-05,6.28,6.756494245694656,3.2350000000000003
1997-05-06,6.29,6.665798256927713,3.2350000000000003
1997-05-07,6.36,6.706167557724332,3.2350000000000003
1997-05-08,6.33,6.701869360852827,3.2350000000000003
1997-05-09,6.24,6.667434599006393,3.2350000000000003
1997-05-12,6.23,6.618457077343934,3.2705
1997-05-13,6.3,6.662316788857487,3.2705
1997-05-14,6.26,6.642377311617312,3.2705
1997-05-15,6.25,6.63705723490623,3.2705
1997-05-16,6.28,6.669822660366746,3.2705
1997-05-19,6.28,6.697253969261253,3.2705
1997-05-20,6.25,6.706987820503921,3.21
1997-05-21,6.25,6.747464771616467,3.21
1997-05-22,6.27,6.810847420160772,3.21
1997-05-23,6.25,6.762676578031939,3.21
1997-05-27,6.3,6.784395587194295,3.21
1997-05-28,6.34,6.8163951488065315,3.21
1997-05-29,6.3,6.820493240063433,3.21
1997-05-30,6.22,6.801518020401201,3.061
1997-06-02,6.23,6.797392205230227,2.9989999999999997
1997-06-03,6.2,6.751301270792901,2.9989999999999997
1997-06-04,6.2,6.77122534442916,2.9989999999999997
1997-06-05,6.2,6.771864371420855,2.9989999999999997
1997-06-06,6.12,6.763389172030078,2.9989999999999997
1997-06-09,6.15,6.825225068945858,3.147
1997-06-10,6.17,6.828964425971579,3.147
1997-06-11,6.19,6.824869169436367,3.147
1997-06-12,6.07,6.753856563997694,3.147
1997-06-13,6.03,6.734967299005179,3.147
1997-06-16,6.02,6.725598409904511,3.0985
1997-06-17,6.05,6.742798723191651,3.0985
1997-06-18,6.02,6.846498629874616,3.0985
1997-06-19,6.04,6.878204981601137,3.0985
1997-06-20,6.02,6.880694435593397,3.0985
1997-06-23,6.04,6.958323816032136,3.065
1997-06-24,6.03,6.9533261910008735,3.065
1997-06-25,6.05,6.903843280053902,3.065
1997-06-26,6.05,6.900375715853457,3.065
1997-06-27,6.03,6.8789537561699605,3.065
1997-06-30,6.08,6.9248086216508975,3.0439999999999996
1997-07-01,6.02,6.870668839946973,3.0439999999999996
1997-07-02,6.02,6.859829092984232,3.0439999999999996
1997-07-03,5.93,7.010501855600348,3.0439999999999996
1997-07-07,5.92,7.003196695918009,3.028
1997-07-08,5.92,7.061658603726677,3.028
1997-07-09,5.9,7.109998383910879,3.028
1997-07-10,5.91,7.0831593060630205,3.028
1997-07-11,5.89,6.995130379437407,3.028
1997-07-14,5.94,7.041791421090697,3.0540000000000003
1997-07-15,5.92,7.033955175764195,3.0540000000000003
1997-07-16,5.87,6.995617347712532,3.0540000000000003
1997-07-17,5.87,7.011762102210615,3.0540000000000003
1997-07-18,5.91,7.046021367915315,3.0540000000000003
1997-07-21,5.94,7.054218687254697,3.1185
1997-07-22,5.9,7.018721591410819,3.1185
1997-07-23,5.85,6.976235989405552,3.1185
1997-07-24,5.87,6.952617316607269,3.1185
1997-07-25,5.87,6.922582132207664,3.1185
1997-07-28,5.86,6.945615028486239,3.0734999999999997
1997-07-29,5.79,6.954720557475246,3.0734999999999997
1997-07-30,5.76,6.9152022663740205,3.0734999999999997
1997-07-31,5.74,6.953732683758473,3.0660000000000003
1997-08-01,5.89,6.9793910998041095,3.0660000000000003
1997-08-04,5.91,7.028453203435749,3.1175
1997-08-05,5.93,7.038018081513283,3.1175
1997-08-06,5.91,6.9844509607655505,3.1175
1997-08-07,5.93,6.873419243795328,3.1175
1997-08-08,6.02,6.937608075707183,3.1175
1997-08-11,5.99,6.95178206714583,3.078
1997-08-12,6.0,6.95017946471723,3.078
1997-08-13,5.95,6.970912116680072,3.078
1997-08-14,5.92,6.941035373358105,3.078
1997-08-15,5.87,6.958384235101156,3.078
1997-08-18,5.82,6.952055475053748,3.15
1997-08-19,5.85,6.963135691849584,3.15
1997-08-20,5.88,6.947400586092935,3.15
1997-08-21,5.95,6.9586204961888525,3.15
1997-08-22,5.98,7.015437730567764,3.15
1997-08-25,6.01,7.015437730567764,3.1980000000000004
1997-08-26,5.99,7.012393360620679,3.1980000000000004
1997-08-27,6.01,7.019598924667854,3.1980000000000004
1997-08-28,5.94,7.010760886502089,3.1685000000000003
1997-08-29,5.97,7.006978423788536,3.1685000000000003
1997-09-02,5.94,6.942435260901495,3.1685000000000003
1997-09-03,5.96,6.914841917251828,3.1685000000000003
1997-09-04,5.98,6.912868758005216,3.1685000000000003
1997-09-05,5.98,6.8976926950914255,3.1685000000000003
1997-09-08,5.98,6.854777357970683,3.29
1997-09-09,5.98,6.880219678726338,3.29
1997-09-10,6.0,6.885949340748179,3.29
1997-09-11,6.0,6.8786329169549045,3.29
1997-09-12,5.93,6.84927315619065,3.29
1997-09-15,5.93,6.820791685387703,3.1854999999999998
1997-09-16,5.81,6.6835418957126285,3.1854999999999998
1997-09-17,5.79,6.7324163179057,3.1854999999999998
1997-09-18,5.81,6.754890719351679,3.1854999999999998
1997-09-19,5.81,6.789946525247294,3.1854999999999998
1997-09-22,5.79,6.780861703369641,3.255
1997-09-23,5.8,6.80598850342763,3.255
1997-09-24,5.78,6.800638705819996,3.255
1997-09-25,5.85,6.788434450342343,3.255
1997-09-26,5.8,6.722526757146524,3.255
1997-09-29,5.8,6.800173490480249,3.3149999999999995
1997-09-30,5.8,6.815541512579962,3.2359999999999998
1997-10-01,5.75,6.79170833845321,3.2359999999999998
1997-10-02,5.73,6.796811809451235,3.2359999999999998
1997-10-03,5.72,6.720518217884479,3.2359999999999998
1997-10-06,5.68,6.796038973367523,3.209
1997-10-07,5.67,6.820900115789866,3.209
1997-10-08,5.79,6.882722043924633,3.209
1997-10-09,5.8,6.923989525361487,3.209
1997-10-10,5.86,6.940940380138463,3.209
1997-10-14,5.81,6.825218577211409,3.209
1997-10-15,5.84,6.784400590035212,3.209
1997-10-16,5.84,6.784945381139271,3.209
1997-10-17,5.91,6.782314317744538,3.209
1997-10-20,5.9,6.852653614236118,3.364
1997-10-21,5.92,6.85041061188226,3.364
1997-10-22,5.91,6.849413649054789,3.364
1997-10-23,5.79,6.823308926595832,3.364
1997-10-24,5.79,6.823094360220558,3.364
1997-10-27,5.62,6.836308727082176,3.4074999999999998
1997-10-28,5.74,6.797076031627423,3.4074999999999998
1997-10-29,5.67,6.826194334450866,3.4074999999999998
1997-10-30,5.61,6.78932111604831,3.4074999999999998
1997-10-31,5.63,6.768097475660681,3.303
1997-11-03,5.69,6.816852756407671,3.3449999999999998
1997-11-04,5.73,6.825989601204633,3.3449999999999998
1997-11-05,5.73,6.860248377807947,3.3449999999999998
1997-11-06,5.7,6.9770657342632045,3.3449999999999998
1997-11-07,5.71,6.950625257491461,3.3449999999999998
1997-11-10,5.73,6.9997331549644075,3.345
1997-11-12,5.7,7.1359938685822994,3.345
1997-11-13,5.7,7.116501963290961,3.345
1997-11-14,5.7,7.038634100447169,3.345
1997-11-17,5.7,7.028916879195632,3.2960000000000003
1997-11-18,5.71,7.0627095762507865,3.2960000000000003
1997-11-19,5.7,7.043222638716856,3.2960000000000003
1997-11-20,5.73,6.976873778066742,3.2960000000000003
1997-11-21,5.68,6.971400586737421,3.2960000000000003
1997-11-24,5.71,6.921362739960253,3.2945
1997-11-25,5.71,6.899566816033522,3.2945
1997-11-26,5.74,6.99198143937389,3.2945
1997-11-28,5.76,7.0015513135274405,3.2245
1997-12-01,5.78,6.986135858414361,3.1525
1997-12-02,5.78,6.9981834836171455,3.1525
1997-12-03,5.74,7.0061748557853925,3.1525
1997-12-04,5.71,6.933378434206844,3.1525
1997-12-05,5.8,6.959718673831815,3.1525
1997-12-08,5.85,6.944874157141126,3.098
1997-12-09,5.81,6.869209591692341,3.098
1997-12-10,5.75,6.8712468175383306,3.098
1997-12-11,5.68,6.806081074020649,3.098
1997-12-12,5.63,6.761404169407149,3.098
1997-12-15,5.68,6.7562377702178935,2.999
1997-12-16,5.68,6.718993786160213,2.999
1997-12-17,5.7,6.748823459213406,2.999
1997-12-18,5.68,6.742170173145749,2.999
1997-12-19,5.66,6.6754041197338045,2.999
1997-12-22,5.69,6.6764676951263295,2.9810000000000003
1997-12-23,5.69,6.635522810888143,2.9810000000000003
1997-12-24,5.67,6.612592119085297,2.9810000000000003
1997-12-26,5.69,6.612592119085297,2.9810000000000003
1997-12-29,5.69,6.636816665944803,2.983
1997-12-30,5.71,6.727313229330726,2.983
1997-12-31,5.66,6.701995963645851,3.025
1998-01-02,5.59,6.677692341213662,3.025
1998-01-05,5.47,6.547585973699105,3.025
1998-01-06,5.39,6.525577192439713,3.0055
1998-01-07,5.42,6.535138224425186,2.94
1998-01-08,5.31,6.512749782823228,2.9025000000000003
1998-01-09,5.17,6.468511291695683,2.8795
1998-01-12,5.2,6.361299553468459,2.844
1998-01-13,5.25,6.432256117296957,2.9
1998-01-14,5.29,6.568595781062268,2.944
1998-01-15,5.29,6.596313847887691,2.8925
1998-01-16,5.35,6.6343151598653005,2.9195
1998-01-20,5.37,6.64389863521336,2.8975
1998-01-21,5.33,6.622032099116537,2.8845
1998-01-22,5.3,6.54080508678962,2.886
1998-01-23,5.42,6.485874220246295,2.8965
1998-01-26,5.39,6.530017216178955,2.8825
1998-01-27,5.46,6.498392214938442,2.848
1998-01-28,5.46,6.52797393953645,2.7905
1998-01-29,5.36,6.474267144767311,2.7845
1998-01-30,5.32,6.435932535862728,2.75
1998-02-02,5.36,6.490394336264849,2.798
1998-02-03,5.34,6.479989592040504,2.8015
1998-02-04,5.32,6.501936180849172,2.7535
1998-02-05,5.36,6.453046172634691,2.7505
1998-02-06,5.38,6.436447358515293,2.767
1998-02-09,5.41,6.424585932316999,2.767
1998-02-10,5.41,6.381057552140726,2.751
1998-02-11,5.39,6.4029370574632765,2.755
1998-02-12,5.39,6.439961460918397,2.7205000000000004
1998-02-13,5.36,6.432496624854453,2.6525
1998-02-17,5.34,6.494880449741772,2.5655
1998-02-18,5.37,6.526519229152947,2.592
1998-02-19,5.39,6.484526349178872,2.628
1998-02-20,5.41,6.471301576780952,2.6335
1998-02-23,5.46,6.48075890466699,2.6174999999999997
1998-02-24,5.57,6.520111894528238,2.6325000000000003
1998-02-25,5.55,6.544295077439247,2.65
1998-02-26,5.58,6.553586779541271,2.645
1998-02-27,5.55,6.625646577757033,2.6525
1998-03-02,5.6,6.576413118204072,2.6565
1998-03-03,5.64,6.610003654620666,2.6775
1998-03-04,5.63,6.628764176248442,2.7445
1998-03-05,5.62,6.521924260608385,2.8155
1998-03-06,5.58,6.521581309966466,2.787
1998-03-09,5.57,6.4328862064821175,2.8145
1998-03-10,5.55,6.456268843330265,2.8440000000000003
1998-03-11,5.53,6.474116572341285,2.7665
1998-03-12,5.5,6.499149682309448,2.704
1998-03-13,5.5,6.546675193643608,2.704
1998-03-16,5.47,6.498747378050987,2.639
1998-03-17,5.5,6.512624245486764,2.6805000000000003
1998-03-18,5.52,6.512183827287796,2.7205
1998-03-19,5.52,6.545949043453887,2.822
1998-03-20,5.52,6.521715124406256,2.8935
1998-03-23,5.52,6.504045730010836,2.8825
1998-03-24,5.5,6.477034162029708,2.852
1998-03-25,5.58,6.532561613470078,2.833
1998-03-26,5.62,6.548316521377084,2.835
1998-03-27,5.63,6.570988766825857,2.8689999999999998
1998-03-30,5.65,6.577014541797793,2.8575
1998-03-31,5.6,6.497640938238772,2.9115
1998-04-01,5.55,6.496865779362001,2.9095
1998-04-02,5.52,6.4388073990014085,2.97
1998-04-03,5.42,6.423803621078367,2.923
1998-04-06,5.45,6.380648738290262,2.8949999999999996
1998-04-07,5.45,6.390747662220156,2.927
1998-04-08,5.49,6.388993933841065,2.9905
1998-04-09,5.5,6.3801037734284805,2.9979999999999998
1998-04-10,5.5,6.3801037734284805,2.9979999999999998
1998-04-13,5.59,6.3801037734284805,2.9979999999999998
1998-04-14,5.57,6.380170963015791,2.936
1998-04-15,5.55,6.386898073328218,2.9844999999999997
1998-04-16,5.53,6.429333129146256,3.042
1998-04-17,5.54,6.4489515752956335,3.02
1998-04-20,5.57,6.450991862629745,3.0425
1998-04-21,5.6,6.443243299366322,3.052
1998-04-22,5.6,6.446851449360846,3.031
1998-04-23,5.61,6.393557446135711,3.031
1998-04-24,5.61,6.341089198349574,3.031
1998-04-27,5.71,6.39905468115075,3.0980000000000003
1998-04-28,5.69,6.354382092806482,3.1505
1998-04-29,5.71,6.35092624112443,3.129
1998-04-30,5.59,6.341178209556392,3.118
1998-05-01,5.59,6.280514301957413,3.118
1998-05-04,5.59,6.280514301957413,3.085
1998-05-05,5.61,6.355599479893803,3.072
1998-05-06,5.56,6.359248191773386,3.1035
1998-05-07,5.56,6.395209003283149,3.032
1998-05-08,5.61,6.3832128662693295,3.0365
1998-05-11,5.66,6.392691188396812,3.07
1998-05-12,5.59,6.39294605697629,3.126
1998-05-13,5.59,6.414139366989738,3.0949999999999998
1998-05-14,5.63,6.465003027845306,3.0865
1998-05-15,5.63,6.501701789952366,3.0755
1998-05-18,5.59,6.490808185780453,3.0755
1998-05-19,5.59,6.5128530179772754,3.0785
1998-05-20,5.57,6.5103466265584915,3.0715
1998-05-21,5.63,6.440287082012985,3.0715
1998-05-22,5.63,6.433827441005764,3.0985
1998-05-26,5.61,6.399444511728006,3.101
1998-05-27,5.53,6.399893452814778,3.101
1998-05-28,5.57,6.3893908846889325,3.0595
1998-05-29,5.53,6.337791469393331,3.029
1998-06-01,5.52,6.3274014715746105,3.029
1998-06-02,5.53,6.350346089435913,3.029
1998-06-03,5.55,6.362089368545587,3.0505
1998-06-04,5.58,6.560634089297084,3.1095
1998-06-05,5.58,6.583641575524676,3.1185
1998-06-08,5.58,6.597837552730021,3.1310000000000002
1998-06-09,5.6,6.635692985607153,3.133
1998-06-10,5.55,6.607502777181957,3.1215
1998-06-11,5.45,6.552985142906439,3.1014999999999997
1998-06-12,5.43,6.581639804658626,3.0995
1998-06-15,5.43,6.593270959750996,3.0955
1998-06-16,5.5,6.820295707743537,3.13
1998-06-17,5.55,6.964932240241032,3.1174999999999997
1998-06-18,5.53,6.971162102646305,3.134
1998-06-19,5.52,6.9743303595397235,3.154
1998-06-22,5.52,6.909532854840231,3.1799999999999997
1998-06-23,5.49,6.891384705736492,3.1799999999999997
1998-06-24,5.49,6.827470951837822,3.147
1998-06-25,5.53,6.844772611408484,3.2035
1998-06-26,5.51,6.871528915039972,3.2315000000000005
1998-06-29,5.51,6.898199870663635,3.216
1998-06-30,5.49,6.878482476434958,3.222
1998-07-01,5.46,6.869303139714969,3.216
1998-07-02,5.44,6.868662580041941,3.1885000000000003
1998-07-03,5.44,6.886972491178573,3.2095
1998-07-06,5.43,6.84917271326724,3.214
1998-07-07,5.44,6.8860508093776405,3.2235000000000005
1998-07-08,5.44,6.910650362524211,3.2305
1998-07-09,5.43,6.770368387337158,3.238
1998-07-10,5.41,6.792735521516552,3.2489999999999997
1998-07-13,5.44,6.809850992059302,3.282
1998-07-14,5.46,6.7468457118827345,3.3249999999999997
1998-07-15,5.46,6.840118096590225,3.2800000000000002
1998-07-16,5.46,6.8167854653946796,3.2975
1998-07-17,5.46,6.776976135453239,3.3075
1998-07-20,5.46,6.819492498525117,3.2895000000000003
1998-07-21,5.46,6.833785015896512,3.2089999999999996
1998-07-22,5.48,6.890845495004509,3.222
1998-07-23,5.46,6.89678666092831,3.216
1998-07-24,5.48,6.919333870411022,3.1885
1998-07-27,5.48,6.886837184249927,3.16
1998-07-28,5.46,6.7507619387024596,3.146
1998-07-29,5.49,6.735127403392468,3.108
1998-07-30,5.49,6.777158027146628,3.0874999999999995
1998-07-31,5.49,6.746055109495589,3.0935
1998-08-03,5.46,6.688472227592506,3.101
1998-08-04,5.43,6.685036099118586,3.101
1998-08-05,5.39,6.6715108773804195,3.0775
1998-08-06,5.39,6.5903142405454505,3.0945
1998-08-07,5.34,6.560749569216869,3.073
1998-08-10,5.34,6.539500622814491,3.0335
1998-08-11,5.31,6.521086225014201,3.0505
1998-08-12,5.32,6.469321126124894,3.0484999999999998
1998-08-13,5.37,6.5499875049028935,3.0265
1998-08-14,5.34,6.5530763259787435,3.0600000000000005
1998-08-17,5.34,6.540196185493981,3.0490000000000004
1998-08-18,5.36,6.556391874270353,3.098
1998-08-19,5.34,6.599896729010711,3.082
1998-08-20,5.32,6.571600938739277,3.0835
1998-08-21,5.25,6.492435213261993,3.0275
1998-08-24,5.22,6.483194198766987,3.025
1998-08-25,5.18,6.416587268119789,3.0540000000000003
1998-08-26,5.12,6.42481043492525,3.036
1998-08-27,4.98,6.324804285995063,3.0505
1998-08-28,4.93,6.157638494756503,2.9615
1998-08-31,4.91,6.157638494756503,2.956
1998-09-01,4.86,6.187233273060295,2.9545
1998-09-02,4.96,6.2432325537661395,2.9695
1998-09-03,4.91,6.209283014720579,2.991
1998-09-04,4.91,6.2036933532298315,2.9604999999999997
1998-09-08,4.91,6.211126870905253,2.9275
1998-09-09,4.79,6.097140566092538,2.9330000000000003
1998-09-10,4.57,5.963379706045556,2.9215
1998-09-11,4.68,5.94713654351772,2.884
1998-09-14,4.72,5.968508533746651,2.884
1998-09-15,4.73,5.906667820471961,2.8815
1998-09-16,4.75,5.938416550160003,2.9219999999999997
1998-09-17,4.7,5.858736676026475,2.8594999999999997
1998-09-18,4.61,5.861992152519629,2.8535
1998-09-21,4.63,5.764008071498952,2.8565
1998-09-22,4.66,5.815184355150657,2.857
1998-09-23,4.52,5.828877121159601,2.91
1998-09-24,4.43,5.797831424588883,2.915
1998-09-25,4.43,5.725443178652301,2.9025
1998-09-28,4.45,5.687042105272241,2.907
1998-09-29,4.47,5.707030255867077,2.9050000000000002
1998-09-30,4.3,5.649504147292547,2.852
1998-10-01,4.17,5.462933962284536,2.868
1998-10-02,4.17,5.361400025828339,2.7705
1998-10-05,4.04,5.309928490988234,2.6995
1998-10-06,4.1,5.405390500780915,2.68
1998-10-07,4.12,5.463396436158529,2.818
1998-10-08,4.1,5.349104368866324,2.7145
1998-10-09,4.19,5.441209356388613,2.7145
1998-10-13,4.13,5.4803939560603725,2.7375
1998-10-14,4.08,5.465967770567281,2.734
1998-10-15,4.13,5.447401374229942,2.742
1998-10-16,3.86,5.2916867606269165,2.7065
1998-10-19,3.9,5.25221953993645,2.712
1998-10-20,3.98,5.348638001674248,2.708
1998-10-21,4.12,5.329515717197292,2.7195
1998-10-22,4.16,5.377436545466862,2.6985
1998-10-23,4.2,5.463797665932874,2.6775
1998-10-26,4.23,5.471340400762553,2.6950000000000003
1998-10-27,4.12,5.411723412133936,2.537
1998-10-28,4.01,5.3955409665947345,2.5355
1998-10-29,4.0,5.341626592770489,2.6515
1998-10-30,4.12,5.344694940670037,2.6399999999999997
1998-11-02,4.26,5.380020088922474,2.673
1998-11-03,4.25,5.2940977601956725,2.7285
1998-11-04,4.43,5.33091822758933,2.7605
1998-11-05,4.47,5.318869165618528,2.805
1998-11-06,4.59,5.444719774864616,2.8565
1998-11-09,4.57,5.4361972735174335,2.9005
1998-11-10,4.5,5.362355130545773,2.862
1998-11-12,4.47,5.4675059274240505,2.8354999999999997
1998-11-13,4.54,5.457790119903501,2.8295
1998-11-16,4.56,5.457963891293316,2.8295000000000003
1998-11-17,4.58,5.42525318315097,2.8265000000000002
1998-11-18,4.63,5.342867556795116,2.769
1998-11-19,4.66,5.347664201001093,2.7915
1998-11-20,4.66,5.3706586347503205,2.8305
1998-11-23,4.63,5.337523369562017,2.868
1998-11-24,4.64,5.3579745695621925,2.8955
1998-11-25,4.66,5.335351383430609,2.847
1998-11-27,4.62,5.276048986631234,2.833
1998-11-30,4.54,5.249157256449532,2.8605
1998-12-01,4.44,5.202230151771583,2.8555
1998-12-02,4.36,5.173022805539057,2.8115
1998-12-03,4.36,5.058594638259093,2.808
1998-12-04,4.46,5.024617900181147,2.765
1998-12-07,4.54,5.033957592694793,2.7435
1998-12-08,4.46,5.019341282970684,2.7455
1998-12-09,4.42,5.0011316254704905,2.7565
1998-12-10,4.39,4.961769457514735,2.703
1998-12-11,4.46,4.917472869127727,2.5454999999999997
1998-12-14,4.42,4.864313884128223,2.4930000000000003
1998-12-15,4.47,4.871622300088199,2.572
1998-12-16,4.4,4.897821888007639,2.5595
1998-12-17,4.42,4.945945056264919,2.5595
1998-12-18,4.45,4.965617936980079,2.636
1998-12-21,4.56,4.997695268423336,2.7595
1998-12-22,4.59,4.982310054812235,2.691
1998-12-23,4.73,4.887276802281683,2.727
1998-12-24,4.78,4.887614450217528,2.727
1998-12-28,4.73,4.887614450217528,2.5495
1998-12-29,4.6,4.877201340302375,2.4835
1998-12-30,4.56,4.845678942755867,2.5765
1998-12-31,4.54,4.8192571366726655,2.5765
