event,ccy,sev,pair,pre_ret,crisis_ret,aligned,shape2,abs_crisis
2007-02-27,global,1,AUDCAD,0.0076598166021053515,0.007028156142564912,1,trending,0.007028156142564912
2007-02-27,global,1,AUDCHF,0.008295368849495333,-0.0016269998539871766,0,ranging,0.0016269998539871766
2007-02-27,global,1,AUDJPY,0.017756512493354526,-0.00850468295833784,0,trending,0.00850468295833784
2007-02-27,global,1,AUDNZD,0.00784596654191283,0.009149455918276761,1,trending,0.009149455918276761
2007-02-27,global,1,AUDUSD,0.027320989252880956,-0.0011427120365667953,0,trend-in-range,0.0011427120365667953
2007-02-27,global,1,CADCHF,0.0005286410149907272,-0.008694485184865819,0,trending,0.008694485184865819
2007-02-27,global,1,CADJPY,0.010106408823672197,-0.01573089290131091,0,neither,0.01573089290131091
2007-02-27,global,1,CHFJPY,0.009676257141386646,-0.0065032258064515736,0,trend-in-range,0.0065032258064515736
2007-02-27,global,1,EURAUD,-0.009239114237177048,-0.0004163073537719608,1,ranging,0.0004163073537719608
2007-02-27,global,1,EURCAD,-0.0015655577299412693,0.0066321578777093215,0,trend-in-range,0.0066321578777093215
2007-02-27,global,1,EURCHF,-0.0010469591993841343,-0.0022947871119793906,1,trending,0.0022947871119793906
2007-02-27,global,1,EURGBP,0.016330175258044033,0.011957681365575956,1,trending,0.011957681365575956
2007-02-27,global,1,EURJPY,0.008569762429958772,-0.00858061293751522,0,trending,0.00858061293751522
2007-02-27,global,1,EURNZD,-0.0017733354828309844,0.008928571428571397,0,trend-in-range,0.008928571428571397
2007-02-27,global,1,EURUSD,0.01782861376739442,-0.0015254262886831293,0,ranging,0.0015254262886831293
2007-02-27,global,1,GBPAUD,-0.025401201142069563,-0.01208180303851325,1,ranging,0.01208180303851325
2007-02-27,global,1,GBPCAD,-0.017970265029088606,-0.005109393423293529,1,trending,0.005109393423293529
2007-02-27,global,1,GBPCHF,-0.017248043878958397,-0.013881330531392067,1,trending,0.013881330531392067
2007-02-27,global,1,GBPJPY,-0.007677969296500442,-0.020469541995618235,1,trending,0.020469541995618235
2007-02-27,global,1,GBPNZD,-0.018089185542853214,-0.0029057848293072563,1,trend-in-range,0.0029057848293072563
2007-02-27,global,1,GBPUSD,0.001234045374114645,-0.01321489363870798,0,trend-in-range,0.01321489363870798
2007-02-27,global,1,NZDCAD,0.00016993178452628932,-0.0022292447514760116,0,trending,0.0022292447514760116
2007-02-27,global,1,NZDCHF,0.0006875057292143882,-0.01090785271463468,0,trending,0.01090785271463468
2007-02-27,global,1,NZDJPY,0.010380418755529197,-0.017634226154405463,0,trending,0.017634226154405463
2007-02-27,global,1,NZDUSD,0.019676840215439695,-0.010363064608347572,0,trending,0.010363064608347572
2007-02-27,global,1,USDCAD,-0.01918363897574571,0.00822622107969151,0,neither,0.00822622107969151
2007-02-27,global,1,USDCHF,-0.01858869520124451,-0.0004928738653632303,1,neither,0.0004928738653632303
2007-02-27,global,1,USDJPY,-0.009100242289844296,-0.007283549691784574,1,neither,0.007283549691784574
2007-08-09,global,3,AUDCAD,-0.005958139125846529,-0.03228209861441633,1,neither,0.03228209861441633
2007-08-09,global,3,AUDCHF,-0.008723723146689233,-0.023017449981310723,1,trending,0.023017449981310723
2007-08-09,global,3,AUDJPY,-0.022928006815922886,-0.04081144871679965,1,trending,0.04081144871679965
2007-08-09,global,3,AUDNZD,0.01758251722887194,0.014727358014638758,1,ranging,0.014727358014638758
2007-08-09,global,3,AUDUSD,-0.0005795421616923147,-0.026468165234788787,1,trending,0.026468165234788787
2007-08-09,global,3,CADCHF,-0.0027879984967531524,0.009187047942419424,0,trending,0.009187047942419424
2007-08-09,global,3,CADJPY,-0.017200709378605072,-0.009149343789726205,1,trending,0.009149343789726205
2007-08-09,global,3,CHFJPY,-0.01426362087138111,-0.017794207008304586,1,trending,0.017794207008304586
2007-08-09,global,3,EURAUD,0.004349463377895102,0.027116180252711564,1,trend-in-range,0.027116180252711564
2007-08-09,global,3,EURCAD,-0.0015112098649572303,-0.005784301530041058,1,trend-in-range,0.005784301530041058
2007-08-09,global,3,EURCHF,-0.004414105842057037,0.003348712151303168,0,trending,0.003348712151303168
2007-08-09,global,3,EURGBP,0.0013601821461308727,0.004275147928993972,1,ranging,0.004275147928993972
2007-08-09,global,3,EURJPY,-0.018780960074125996,-0.01467603821214658,1,trending,0.01467603821214658
2007-08-09,global,3,EURNZD,0.022293682413204507,0.04206863569649899,1,trending,0.04206863569649899
2007-08-09,global,3,EURUSD,0.0038048815976137185,-0.00021201465094355942,0,trending,0.00021201465094355942
2007-08-09,global,3,GBPAUD,0.002886492911112981,0.02253820408266094,1,trend-in-range,0.02253820408266094
2007-08-09,global,3,GBPCAD,-0.0030984022696729507,-0.010086098562532286,1,trending,0.010086098562532286
2007-08-09,global,3,GBPCHF,-0.005832164181539312,-0.0011235212477694878,1,ranging,0.0011235212477694878
2007-08-09,global,3,GBPJPY,-0.020110475042683484,-0.01919714928606686,1,trend-in-range,0.01919714928606686
2007-08-09,global,3,GBPNZD,0.020766213620634577,0.037576829603644724,1,trending,0.037576829603644724
2007-08-09,global,3,GBPUSD,0.0023026170127973256,-0.004527078452885802,0,trending,0.004527078452885802
2007-08-09,global,3,NZDCAD,-0.023384936173307946,-0.04593626249292859,1,neither,0.04593626249292859
2007-08-09,global,3,NZDCHF,-0.02608548240130526,-0.03718277920432189,1,trending,0.03718277920432189
2007-08-09,global,3,NZDJPY,-0.04018034189818187,-0.05465329596740609,1,trending,0.05465329596740609
2007-08-09,global,3,NZDUSD,-0.018086996535988664,-0.04057720441548085,1,trending,0.04057720441548085
2007-08-09,global,3,USDCAD,-0.00538694992412736,-0.0055864337568058975,1,trend-in-range,0.0055864337568058975
2007-08-09,global,3,USDCHF,-0.008148006929535767,0.0035438171256634288,0,ranging,0.0035438171256634288
2007-08-09,global,3,USDJPY,-0.02250200035924821,-0.01466556089635096,1,neither,0.01466556089635096
2008-03-16,USD,2,AUDUSD,0.03107674029745655,-0.009297834483357192,0,trending,0.009297834483357192
2008-03-16,USD,2,EURUSD,0.06754529355673622,0.003770082204321845,1,trending,0.003770082204321845
2008-03-16,USD,2,GBPUSD,0.029752192535182687,-0.007618809404702387,0,neither,0.007618809404702387
2008-03-16,USD,2,NZDUSD,0.02933434573525684,-0.019207008873413423,0,ranging,0.019207008873413423
2008-03-16,USD,2,USDCAD,-0.01748880259799601,0.027386964886964904,0,trend-in-range,0.027386964886964904
2008-03-16,USD,2,USDCHF,-0.08686306970448066,0.008684258638552045,0,trending,0.008684258638552045
2008-03-16,USD,2,USDJPY,-0.08099610461880902,0.0243193260043153,0,trend-in-range,0.0243193260043153
2008-09-15,global,3,AUDCAD,-0.04821076267399149,-0.023228346456693028,1,trending,0.023228346456693028
2008-09-15,global,3,AUDCHF,-0.019402953630943576,-0.01223102302898349,1,trending,0.01223102302898349
2008-09-15,global,3,AUDJPY,-0.07128605304668478,-0.004157290062774099,1,trending,0.004157290062774099
2008-09-15,global,3,AUDNZD,0.00576766193506284,-0.03291259278637082,0,trending,0.03291259278637082
2008-09-15,global,3,AUDUSD,-0.04904292410353506,-0.017666092260391952,1,trending,0.017666092260391952
2008-09-15,global,3,CADCHF,0.030276967084790884,0.011272605171007699,1,ranging,0.011272605171007699
2008-09-15,global,3,CADJPY,-0.024076754238831488,0.019586384650001953,0,ranging,0.019586384650001953
2008-09-15,global,3,CHFJPY,-0.05270465951242731,0.008198294243070503,0,trending,0.008198294243070503
2008-09-15,global,3,EURAUD,0.01855969238209254,0.007249372759349004,1,trending,0.007249372759349004
2008-09-15,global,3,EURCAD,-0.03062772371414979,-0.01628260784030844,1,trending,0.01628260784030844
2008-09-15,global,3,EURCHF,-0.0012734105662018935,-0.004989775051124745,1,trending,0.004989775051124745
2008-09-15,global,3,EURGBP,0.007598089042488265,-0.0003158120791805219,0,ranging,0.0003158120791805219
2008-09-15,global,3,EURJPY,-0.054320303114314794,0.002527131471165678,0,trending,0.002527131471165678
2008-09-15,global,3,EURNZD,0.02378113280123073,-0.025884259259259412,0,trending,0.025884259259259412
2008-09-15,global,3,EURUSD,-0.03130255963284001,-0.010545975397404983,1,trending,0.010545975397404983
2008-09-15,global,3,GBPAUD,0.010976362530921824,0.00705427850506668,1,neither,0.00705427850506668
2008-09-15,global,3,GBPCAD,-0.037764388662083426,-0.016347246656598924,1,trend-in-range,0.016347246656598924
2008-09-15,global,3,GBPCHF,-0.008623934841381242,-0.005421929689172544,1,neither,0.005421929689172544
2008-09-15,global,3,GBPJPY,-0.06106152212595328,0.0028982276223388226,0,trending,0.0028982276223388226
2008-09-15,global,3,GBPNZD,0.01606086861112277,-0.02605885865642832,0,trending,0.02605885865642832
2008-09-15,global,3,GBPUSD,-0.03860579756737936,-0.010728910273862247,1,trend-in-range,0.010728910273862247
2008-09-15,global,3,NZDCAD,-0.052962334033079816,0.009972518910955408,0,trending,0.009972518910955408
2008-09-15,global,3,NZDCHF,-0.024292544256363957,0.021349749945640317,0,trend-in-range,0.021349749945640317
2008-09-15,global,3,NZDJPY,-0.07587037582809031,0.02970110546065685,0,trend-in-range,0.02970110546065685
2008-09-15,global,3,NZDUSD,-0.05380181558114172,0.015742299467673693,0,trending,0.015742299467673693
2008-09-15,global,3,USDCAD,0.0008780460171644577,-0.0056788993396410525,0,neither,0.0056788993396410525
2008-09-15,global,3,USDCHF,0.031176722840120075,0.005528822459385019,1,trend-in-range,0.005528822459385019
2008-09-15,global,3,USDJPY,-0.023316624744394887,0.013737497253455855,0,trend-in-range,0.013737497253455855
2008-10-08,global,3,AUDCAD,-0.09204066913287279,0.11406047833104371,0,trending,0.11406047833104371
2008-10-08,global,3,AUDCHF,-0.11078917101654429,0.03667922713060201,0,trending,0.03667922713060201
2008-10-08,global,3,AUDJPY,-0.16428238039673282,-0.010082145188964331,1,trending,0.010082145188964331
2008-10-08,global,3,AUDNZD,-0.05763448741119537,0.01775678097255029,0,trending,0.01775678097255029
2008-10-08,global,3,AUDUSD,-0.12035594551142248,0.00756960120391259,0,trending,0.00756960120391259
2008-10-08,global,3,CADCHF,-0.02066697087230951,-0.06944082703904797,1,ranging,0.06944082703904797
2008-10-08,global,3,CADJPY,-0.07965374044576401,-0.11169776968593537,1,trend-in-range,0.11169776968593537
2008-10-08,global,3,CHFJPY,-0.06017663631279613,-0.04522521703558935,1,trending,0.04522521703558935
2008-10-08,global,3,EURAUD,0.09297664938884198,-0.060168337063345456,0,trending,0.060168337063345456
2008-10-08,global,3,EURCAD,-0.007753371461781344,0.047287954036420166,0,trend-in-range,0.047287954036420166
2008-10-08,global,3,EURCHF,-0.027800449528497362,-0.02562152181827637,1,trending,0.02562152181827637
2008-10-08,global,3,EURGBP,-0.03006029499701013,0.010050060198973476,0,ranging,0.010050060198973476
2008-10-08,global,3,EURJPY,-0.0865584630672408,-0.069941795189978,1,trending,0.069941795189978
2008-10-08,global,3,EURNZD,0.030472669159956833,-0.04370790967912319,0,trending,0.04370790967912319
2008-10-08,global,3,EURUSD,-0.0384305123124824,-0.052633120925803856,1,trending,0.052633120925803856
2008-10-08,global,3,GBPAUD,0.1270011255975465,-0.069207553545236,0,trending,0.069207553545236
2008-10-08,global,3,GBPCAD,0.023283183307357236,0.036779619348097814,1,ranging,0.036779619348097814
2008-10-08,global,3,GBPCHF,0.0022879835507085833,-0.03535651451345678,0,ranging,0.03535651451345678
2008-10-08,global,3,GBPJPY,-0.05811758575401327,-0.07915308876595106,1,trending,0.07915308876595106
2008-10-08,global,3,GBPNZD,0.062404177482277445,-0.05325480772569746,0,trend-in-range,0.05325480772569746
2008-10-08,global,3,GBPUSD,-0.008638560580674803,-0.06215835153532334,1,trending,0.06215835153532334
2008-10-08,global,3,NZDCAD,-0.03682284245522871,0.09537013820262841,0,trending,0.09537013820262841
2008-10-08,global,3,NZDCHF,-0.05670575423965152,0.019237588652482263,0,trending,0.019237588652482263
2008-10-08,global,3,NZDJPY,-0.11335164373195805,-0.0276430405666237,1,trend-in-range,0.0276430405666237
2008-10-08,global,3,NZDUSD,-0.06686820916519487,-0.00940178051418572,1,trending,0.00940178051418572
2008-10-08,global,3,USDCAD,0.032202361506510346,0.10565502570466223,1,neither,0.10565502570466223
2008-10-08,global,3,USDCHF,0.010887697877475677,0.028892854923061817,1,trend-in-range,0.028892854923061817
2008-10-08,global,3,USDJPY,-0.049821630883605916,-0.017983761157900013,1,trending,0.017983761157900013
2009-03-12,CHF,2,AUDCHF,-0.010680416167940354,0.023940284653465316,0,trend-in-range,0.023940284653465316
2009-03-12,CHF,2,CADCHF,-0.040691955694307946,-0.006675437839703258,1,neither,0.006675437839703258
2009-03-12,CHF,2,CHFJPY,0.08068628832822933,0.03693601958930337,1,trending,0.03693601958930337
2009-03-12,CHF,2,EURCHF,-0.009846944236326705,-0.006273894716204209,1,ranging,0.006273894716204209
2009-03-12,CHF,2,GBPCHF,-0.04029985007496251,-0.007949818661790675,1,trending,0.007949818661790675
2009-03-12,CHF,2,NZDCHF,-0.027753144809012475,0.057407887908666355,0,trending,0.057407887908666355
2009-03-12,CHF,2,USDCHF,-0.004472225579748912,-0.03427524856096287,1,neither,0.03427524856096287
2009-03-18,USD,2,AUDUSD,0.042723463247109184,0.05721212837987677,1,trending,0.05721212837987677
2009-03-18,USD,2,EURUSD,0.034522768815067995,-0.0009277470590417503,0,trending,0.0009277470590417503
2009-03-18,USD,2,GBPUSD,-0.014374798106768116,0.031532636033094974,0,trending,0.031532636033094974
2009-03-18,USD,2,NZDUSD,0.04566597027868635,0.06078413368836655,1,trending,0.06078413368836655
2009-03-18,USD,2,USDCAD,0.003397866455946197,-0.007242657084650106,0,trend-in-range,0.007242657084650106
2009-03-18,USD,2,USDCHF,0.010886017496301692,-0.006466310347848947,0,neither,0.006466310347848947
2009-03-18,USD,2,USDJPY,0.0668109511957582,0.03393933097859958,1,trending,0.03393933097859958
2010-04-23,EUR,2,EURAUD,-0.02001066506234972,-0.0045195233705108695,1,trending,0.0045195233705108695
2010-04-23,EUR,2,EURCAD,-0.021527844199033308,-0.004509085470724594,1,trending,0.004509085470724594
2010-04-23,EUR,2,EURCHF,0.00514751776033906,-0.015624455791079517,0,trending,0.015624455791079517
2010-04-23,EUR,2,EURGBP,-0.03525354879028664,-0.010362099071776543,1,ranging,0.010362099071776543
2010-04-23,EUR,2,EURJPY,0.009831403615681467,-0.07153020102220065,0,trend-in-range,0.07153020102220065
2010-04-23,EUR,2,EURNZD,-0.008487560237291247,-0.043348232948515975,1,trending,0.043348232948515975
2010-04-23,EUR,2,EURUSD,0.0017556947050356708,-0.047175027270961234,0,neither,0.047175027270961234
2010-05-06,global,1,AUDCAD,0.0015226739011549029,-0.053428641959407996,0,trend-in-range,0.053428641959407996
2010-05-06,global,1,AUDCHF,0.01804734916998263,-0.0291799787007454,0,trending,0.0291799787007454
2010-05-06,global,1,AUDJPY,-0.01742989898055891,-0.06536192293779386,1,ranging,0.06536192293779386
2010-05-06,global,1,AUDNZD,-0.03611276462597501,-0.015142391470160721,1,trend-in-range,0.015142391470160721
2010-05-06,global,1,AUDUSD,-0.022228456740833513,-0.059137233633877906,1,ranging,0.059137233633877906
2010-05-06,global,1,CADCHF,0.016691658856607505,0.02503921235141826,1,trending,0.02503921235141826
2010-05-06,global,1,CADJPY,-0.01888541554381795,-0.013266728624535262,1,trend-in-range,0.013266728624535262
2010-05-06,global,1,CHFJPY,-0.03478741027056875,-0.0378882904154062,1,neither,0.0378882904154062
2010-05-06,global,1,EURAUD,-0.017931676285323328,0.05926580538371984,0,trending,0.05926580538371984
2010-05-06,global,1,EURCAD,-0.016399058655306886,0.0028230299015326032,0,trending,0.0028230299015326032
2010-05-06,global,1,EURCHF,-0.0001605080428486172,0.02768847795163598,0,trend-in-range,0.02768847795163598
2010-05-06,global,1,EURGBP,-0.03072845866508267,0.02176570139150047,0,ranging,0.02176570139150047
2010-05-06,global,1,EURJPY,-0.0348166047187457,-0.010705383303450278,1,trend-in-range,0.010705383303450278
2010-05-06,global,1,EURNZD,-0.05340348534702455,0.04306772369991663,0,trending,0.04306772369991663
2010-05-06,global,1,EURUSD,-0.03977008737878629,-0.0037641054900469095,1,trend-in-range,0.0037641054900469095
2010-05-06,global,1,GBPAUD,0.013364626909232458,0.03613580762575319,1,trend-in-range,0.03613580762575319
2010-05-06,global,1,GBPCAD,0.014806266747511065,-0.01871529312299447,0,trend-in-range,0.01871529312299447
2010-05-06,global,1,GBPCHF,0.031574188345409926,0.006033538485745282,1,ranging,0.006033538485745282
2010-05-06,global,1,GBPJPY,-0.004329339002705712,-0.031726426535911845,1,ranging,0.031726426535911845
2010-05-06,global,1,GBPNZD,-0.02337759925043248,0.020841118808750503,0,ranging,0.020841118808750503
2010-05-06,global,1,GBPUSD,-0.009159263584710087,-0.025107367030062777,1,trend-in-range,0.025107367030062777
2010-05-06,global,1,NZDCAD,0.03907402982557229,-0.0385993528892693,0,ranging,0.0385993528892693
2010-05-06,global,1,NZDCHF,0.056323928449116156,-0.014640308217015119,0,ranging,0.014640308217015119
2010-05-06,global,1,NZDJPY,0.01942365382867206,-0.05132267735371321,0,ranging,0.05132267735371321
2010-05-06,global,1,NZDUSD,0.014555278940816985,-0.044961371216278856,0,ranging,0.044961371216278856
2010-05-06,global,1,USDCAD,0.024165101698115032,0.006612261184316903,1,neither,0.006612261184316903
2010-05-06,global,1,USDCHF,0.041187480793764664,0.031785214175433785,1,neither,0.031785214175433785
2010-05-06,global,1,USDJPY,0.0049061090698747645,-0.006062747783066147,0,neither,0.006062747783066147
2010-05-09,EUR,2,EURAUD,-0.007361276231026559,0.05679892685682009,0,trending,0.05679892685682009
2010-05-09,EUR,2,EURCAD,-0.016438619303741464,0.004838191907302392,0,trending,0.004838191907302392
2010-05-09,EUR,2,EURCHF,-0.017800173761946092,0.010485518990909659,0,trend-in-range,0.010485518990909659
2010-05-09,EUR,2,EURGBP,-0.019106394607396604,-0.004180019506757726,1,ranging,0.004180019506757726
2010-05-09,EUR,2,EURJPY,-0.07136042739935122,-0.06352120587175036,1,trend-in-range,0.06352120587175036
2010-05-09,EUR,2,EURNZD,-0.05308222811671093,0.04503323235520185,0,trending,0.04503323235520185
2010-05-09,EUR,2,EURUSD,-0.0552851671592921,-0.03246971604638982,1,trend-in-range,0.03246971604638982
2011-03-11,JPY,3,AUDJPY,-0.006412864013782715,0.005192208073823368,0,trend-in-range,0.005192208073823368
2011-03-11,JPY,3,CADJPY,0.016719688090511164,-0.015214187229591558,0,ranging,0.015214187229591558
2011-03-11,JPY,3,CHFJPY,0.03690032603632987,0.003837681949270033,1,ranging,0.003837681949270033
2011-03-11,JPY,3,EURJPY,0.011475467764448188,0.006562244691785235,1,ranging,0.006562244691785235
2011-03-11,JPY,3,GBPJPY,-0.005254633257947283,-0.00915912266844876,1,ranging,0.00915912266844876
2011-03-11,JPY,3,NZDJPY,-0.04069602942563422,0.007761881269527926,0,ranging,0.007761881269527926
2011-03-11,JPY,3,USDJPY,-0.002943826975067454,-0.006680752836571879,1,ranging,0.006680752836571879
2011-03-18,JPY,2,AUDJPY,-0.08267992076013331,0.08764736671568496,0,trend-in-range,0.08764736671568496
2011-03-18,JPY,2,CADJPY,-0.05339966440573829,0.06585312225153905,0,ranging,0.06585312225153905
2011-03-18,JPY,2,CHFJPY,0.0009803474533764955,0.01651710380742699,1,ranging,0.01651710380742699
2011-03-18,JPY,2,EURJPY,-0.02435281146637258,0.04684943253909224,0,ranging,0.04684943253909224
2011-03-18,JPY,2,GBPJPY,-0.055268587374389444,0.03511253134364889,0,ranging,0.03511253134364889
2011-03-18,JPY,2,NZDJPY,-0.10436831783387113,0.09466250169767765,0,ranging,0.09466250169767765
2011-03-18,JPY,2,USDJPY,-0.052936092572142046,0.04309895510163586,0,ranging,0.04309895510163586
2011-08-05,USD,2,AUDUSD,-0.028953229398663627,-0.003609693511169021,1,trend-in-range,0.003609693511169021
2011-08-05,USD,2,EURUSD,-0.018805001670936794,0.008123249299719859,0,ranging,0.008123249299719859
2011-08-05,USD,2,GBPUSD,0.01770399028409031,0.004448078295940627,1,ranging,0.004448078295940627
2011-08-05,USD,2,NZDUSD,0.003455599150498534,-0.030649387605079403,0,trending,0.030649387605079403
2011-08-05,USD,2,USDCAD,0.0238246737667811,0.0083408866393051,1,ranging,0.0083408866393051
2011-08-05,USD,2,USDCHF,-0.09538417804730714,0.02348231980807336,0,trending,0.02348231980807336
2011-08-05,USD,2,USDJPY,-0.02903563296202849,-0.023634299707919415,1,ranging,0.023634299707919415
2011-09-06,CHF,3,AUDCHF,0.07966304404347158,2.212878955520914e-05,1,,2.212878955520914e-05
2011-09-06,CHF,3,CADCHF,0.04660168598524761,0.025691699604743157,1,,0.025691699604743157
2011-09-06,CHF,3,CHFJPY,-0.051529274686862636,-0.056926543888278336,1,,0.056926543888278336
2011-09-06,CHF,3,EURCHF,0.03659766850993873,0.012098110705999199,1,,0.012098110705999199
2011-09-06,CHF,3,GBPCHF,0.029746686470736305,0.014951979045401576,1,,0.014951979045401576
2011-09-06,CHF,3,NZDCHF,0.05679068116549968,0.017034237689661058,1,,0.017034237689661058
2011-09-06,CHF,3,USDCHF,0.04248725249983454,0.043988678019581506,1,,0.043988678019581506
2012-07-26,EUR,2,EURAUD,-0.046438677338507706,-0.016531793864698385,1,trending,0.016531793864698385
2012-07-26,EUR,2,EURCAD,-0.03400413119679524,-0.018399716307483938,1,trend-in-range,0.018399716307483938
2012-07-26,EUR,2,EURCHF,-7.493443237160946e-05,-1.665348265944555e-05,1,trend-in-range,1.665348265944555e-05
2012-07-26,EUR,2,EURGBP,-0.020750618023821943,0.0006258141970421072,0,trending,0.0006258141970421072
2012-07-26,EUR,2,EURJPY,-0.04390562905578743,0.0015198517624035457,0,ranging,0.0015198517624035457
2012-07-26,EUR,2,EURNZD,-0.021651893429507574,-0.013195437421241962,1,neither,0.013195437421241962
2012-07-26,EUR,2,EURUSD,-0.0249185955119261,0.0005210665581110163,0,trend-in-range,0.0005210665581110163
2012-09-06,EUR,2,EURAUD,0.05700385611806058,0.01057585058659738,1,trending,0.01057585058659738
2012-09-06,EUR,2,EURCAD,0.015218186994184313,0.021033721623406887,1,trending,0.021033721623406887
2012-09-06,EUR,2,EURCHF,0.0023141981885987928,0.005587055961878695,1,trending,0.005587055961878695
2012-09-06,EUR,2,EURGBP,0.0031905599939225926,0.008994348572005206,1,trending,0.008994348572005206
2012-09-06,EUR,2,EURJPY,0.01849865951742613,0.01853302009919089,1,trend-in-range,0.01853302009919089
2012-09-06,EUR,2,EURNZD,0.0454902012484919,-0.006693822648596415,0,trending,0.006693822648596415
2012-09-06,EUR,2,EURUSD,0.019094063129291294,0.02761438037858932,1,trend-in-range,0.02761438037858932
2013-04-04,JPY,3,AUDJPY,0.01108398691113055,0.017226460320459935,1,trending,0.017226460320459935
2013-04-04,JPY,3,CADJPY,0.006088864509050884,0.019112297891129337,1,trend-in-range,0.019112297891129337
2013-04-04,JPY,3,CHFJPY,-0.007140551879941892,0.03945725545280743,0,trending,0.03945725545280743
2013-04-04,JPY,3,EURJPY,-0.019954254420842865,0.04231195134085475,0,trending,0.04231195134085475
2013-04-04,JPY,3,GBPJPY,-0.003489746657134085,0.032897695525967885,0,trending,0.032897695525967885
2013-04-04,JPY,3,NZDJPY,0.004953417344660371,0.032681027258835815,1,trend-in-range,0.032681027258835815
2013-04-04,JPY,3,USDJPY,-0.01089637283667122,0.03303022753695406,0,trending,0.03303022753695406
2013-05-22,USD,2,AUDUSD,-0.044424730449024064,-0.010599030827920353,1,trend-in-range,0.010599030827920353
2013-05-22,USD,2,EURUSD,-0.0068713979024154215,0.030128165246064764,0,neither,0.030128165246064764
2013-05-22,USD,2,GBPUSD,-0.005669291338582627,0.03662604489215515,0,trend-in-range,0.03662604489215515
2013-05-22,USD,2,NZDUSD,-0.026710509072280342,-0.006673021925643341,1,ranging,0.006673021925643341
2013-05-22,USD,2,USDCAD,0.0009553984889105749,-0.010012346631684599,0,trend-in-range,0.010012346631684599
2013-05-22,USD,2,USDCHF,0.02615990014174807,-0.05016763431188165,0,ranging,0.05016763431188165
2013-05-22,USD,2,USDJPY,0.03033897623547399,-0.059975959208204865,0,trend-in-range,0.059975959208204865
2014-06-05,EUR,2,EURAUD,-0.017218720665146958,-0.00950466343918388,1,trend-in-range,0.00950466343918388
2014-06-05,EUR,2,EURCAD,-0.018698554242296272,-0.01984536427834427,1,neither,0.01984536427834427
2014-06-05,EUR,2,EURCHF,0.0010255484633181489,-1.6426025394755683e-05,0,neither,1.6426025394755683e-05
2014-06-05,EUR,2,EURGBP,-0.00979866426168774,-0.01574929195911845,1,neither,0.01574929195911845
2014-06-05,EUR,2,EURJPY,-0.014236130707150574,-0.0077696134492222235,1,ranging,0.0077696134492222235
2014-06-05,EUR,2,EURNZD,0.0052353413554615535,-0.027189129325684624,0,trend-in-range,0.027189129325684624
2014-06-05,EUR,2,EURUSD,-0.022379422146497907,-0.004450821352229739,1,ranging,0.004450821352229739
2014-10-31,JPY,2,AUDJPY,0.010929133528234436,0.029619210491697245,1,trending,0.029619210491697245
2014-10-31,JPY,2,CADJPY,0.004507564062982361,0.032867287170023296,1,trending,0.032867287170023296
2014-10-31,JPY,2,CHFJPY,0.005297244025201486,0.03895825656231522,1,ranging,0.03895825656231522
2014-10-31,JPY,2,EURJPY,0.0029413906079358565,0.03516591316215978,1,trend-in-range,0.03516591316215978
2014-10-31,JPY,2,GBPJPY,-0.0015996343692870063,0.01380695857355918,0,ranging,0.01380695857355918
2014-10-31,JPY,2,NZDJPY,0.00010507144858507012,0.050373517922006616,1,neither,0.050373517922006616
2014-10-31,JPY,2,USDJPY,0.00736026563364689,0.03514738219662239,1,trending,0.03514738219662239
2015-01-15,CHF,3,AUDCHF,0.04717814163534073,0.037359196277127804,1,ranging,0.037359196277127804
2015-01-15,CHF,3,CADCHF,0.030546993049259452,0.030875983130058016,1,ranging,0.030875983130058016
2015-01-15,CHF,3,CHFJPY,-0.056025439286650935,-0.077885108627329,1,neither,0.077885108627329
2015-01-15,CHF,3,EURCHF,-1.665306666209787e-05,0.06554032580502955,0,trending,0.06554032580502955
2015-01-15,CHF,3,GBPCHF,0.02779507013337912,0.09003652358323833,1,neither,0.09003652358323833
2015-01-15,CHF,3,NZDCHF,0.051190157796202174,0.018070271586895448,1,ranging,0.018070271586895448
2015-01-15,CHF,3,USDCHF,0.05514241325737945,0.09725994758160583,1,trending,0.09725994758160583
2016-01-29,JPY,2,AUDJPY,-0.04163962425277534,-0.06194349913756936,1,trend-in-range,0.06194349913756936
2016-01-29,JPY,2,CADJPY,-0.02461045915723281,-0.05666951244837204,1,trending,0.05666951244837204
2016-01-29,JPY,2,CHFJPY,-0.0385631316445727,-0.020955984829928,1,trend-in-range,0.020955984829928
2016-01-29,JPY,2,EURJPY,-0.01347084983986746,-0.028483883015617772,1,trend-in-range,0.028483883015617772
2016-01-29,JPY,2,GBPJPY,-0.044549465809572864,-0.0479149518299965,1,trending,0.0479149518299965
2016-01-29,JPY,2,NZDJPY,-0.06627053901655255,-0.044077380573349756,1,trend-in-range,0.044077380573349756
2016-01-29,JPY,2,USDJPY,-0.014236646921200746,-0.06529133026235412,1,ranging,0.06529133026235412
2016-06-23,GBP,3,EURGBP,0.011897233201580981,0.11468513195714669,1,trending,0.11468513195714669
2016-06-23,GBP,3,GBPAUD,-0.03959678288384494,-0.1237385244768493,1,neither,0.1237385244768493
2016-06-23,GBP,3,GBPCAD,-0.01271531900660583,-0.10953184310417541,1,trending,0.10953184310417541
2016-06-23,GBP,3,GBPCHF,-0.03204151394094157,-0.10702090213649151,1,neither,0.10702090213649151
2016-06-23,GBP,3,GBPJPY,-0.05176320940543011,-0.1754669199113642,1,trending,0.1754669199113642
2016-06-23,GBP,3,GBPNZD,-0.05841749451920342,-0.13585902396709515,1,trending,0.13585902396709515
2016-06-23,GBP,3,GBPUSD,0.0007825152080129794,-0.12948039815306445,0,ranging,0.12948039815306445
2016-10-07,GBP,2,EURGBP,0.043566554109896405,-0.012034282161730081,0,trend-in-range,0.012034282161730081
2016-10-07,GBP,2,GBPAUD,-0.043786723699794194,-0.019115547474648942,1,trend-in-range,0.019115547474648942
2016-10-07,GBP,2,GBPCAD,-0.0304973403482256,-0.013462841107025336,1,trending,0.013462841107025336
2016-10-07,GBP,2,GBPCHF,-0.04308484721932204,-0.00037841706496422045,1,trend-in-range,0.00037841706496422045
2016-10-07,GBP,2,GBPJPY,-0.03740348198819765,-0.007634721180295068,1,ranging,0.007634721180295068
2016-10-07,GBP,2,GBPNZD,-0.020029273124933855,-0.0150623947593016,1,trend-in-range,0.0150623947593016
2016-10-07,GBP,2,GBPUSD,-0.051075673236046226,-0.016453029255190987,1,trend-in-range,0.016453029255190987
2016-11-08,USD,2,AUDUSD,0.015815005192790776,-0.0483393027390554,0,ranging,0.0483393027390554
2016-11-08,USD,2,EURUSD,-0.008887372748981104,-0.04296364823683052,1,ranging,0.04296364823683052
2016-11-08,USD,2,GBPUSD,0.0028555249959554274,0.004870837977996478,1,trending,0.004870837977996478
2016-11-08,USD,2,NZDUSD,0.029199125707560336,-0.05145286646627123,0,trending,0.05145286646627123
2016-11-08,USD,2,USDCAD,0.014361185329123227,0.014884266923516742,1,ranging,0.014884266923516742
2016-11-08,USD,2,USDCHF,-0.008305428045069063,0.039563563481675335,0,ranging,0.039563563481675335
2016-11-08,USD,2,USDJPY,0.008329070676459605,0.06988286301057278,1,neither,0.06988286301057278
2018-02-05,global,2,AUDCAD,0.008699127013402252,0.009292626634813894,1,neither,0.009292626634813894
2018-02-05,global,2,AUDCHF,-0.03714091893443261,0.005778141182883667,0,ranging,0.005778141182883667
2018-02-05,global,2,AUDJPY,-0.018368953880764982,-0.015703517587939753,1,ranging,0.015703517587939753
2018-02-05,global,2,AUDNZD,-0.010875708789906513,-0.010412151506487999,1,ranging,0.010412151506487999
2018-02-05,global,2,AUDUSD,0.007516406369232342,0.0007997156566554864,1,neither,0.0007997156566554864
2018-02-05,global,2,CADCHF,-0.0453503768588307,-0.0036478664692422003,1,ranging,0.0036478664692422003
2018-02-05,global,2,CADJPY,-0.026704146170063225,-0.024707531775035152,1,ranging,0.024707531775035152
2018-02-05,global,2,CHFJPY,0.019742230268545935,-0.02104840706679989,0,trend-in-range,0.02104840706679989
2018-02-05,global,2,EURAUD,0.027837147133603857,-0.003038777863426989,0,trending,0.003038777863426989
2018-02-05,global,2,EURCAD,0.0366226043633735,0.006229525111564049,1,ranging,0.006229525111564049
2018-02-05,global,2,EURCHF,-0.01041417897717567,0.002586536124709271,0,trending,0.002586536124709271
2018-02-05,global,2,EURGBP,-0.005075111652456443,-0.004910704206272265,1,ranging,0.004910704206272265
2018-02-05,global,2,EURJPY,0.009035900980053357,-0.01866042182335592,0,trending,0.01866042182335592
2018-02-05,global,2,EURNZD,0.01665197083075154,-0.013418402716580236,0,trending,0.013418402716580236
2018-02-05,global,2,EURUSD,0.03548716925609119,-0.002417705039985174,0,neither,0.002417705039985174
2018-02-05,global,2,GBPAUD,0.032792490004056374,0.001822603671163936,1,trend-in-range,0.001822603671163936
2018-02-05,global,2,GBPCAD,0.041617193065780045,0.01112697778031646,1,trend-in-range,0.01112697778031646
2018-02-05,global,2,GBPCHF,-0.0057086688594003565,0.007249106353538037,0,trend-in-range,0.007249106353538037
2018-02-05,global,2,GBPJPY,0.013990390570502997,-0.013928819923069935,0,trend-in-range,0.013928819923069935
2018-02-05,global,2,GBPNZD,0.02161085666893814,-0.008622663502768413,0,trend-in-range,0.008622663502768413
2018-02-05,global,2,GBPUSD,0.04086868061391469,0.0026290151580272703,1,trend-in-range,0.0026290151580272703
2018-02-05,global,2,NZDCAD,0.019714067347030628,0.01988935721812446,1,neither,0.01988935721812446
2018-02-05,global,2,NZDCHF,-0.027733676607308855,0.016330210149853697,0,neither,0.016330210149853697
2018-02-05,global,2,NZDJPY,-0.007479357713241819,-0.00531056057318724,1,neither,0.00531056057318724
2018-02-05,global,2,NZDUSD,0.01734619889564404,0.01131576773767251,1,neither,0.01131576773767251
2018-02-05,global,2,USDCAD,0.0010796090848297357,0.008629214916897832,1,neither,0.008629214916897832
2018-02-05,global,2,USDCHF,-0.04432294925581359,0.004970531084606211,0,neither,0.004970531084606211
2018-02-05,global,2,USDJPY,-0.02557117206364934,-0.016449026345933593,1,ranging,0.016449026345933593
2018-08-10,global,2,AUDCAD,-0.012428288467656645,-0.005356398499374748,1,trend-in-range,0.005356398499374748
2018-08-10,global,2,AUDCHF,-0.013360989144196367,-0.007777976624771199,1,neither,0.007777976624771199
2018-08-10,global,2,AUDJPY,-0.017298879531658762,0.0070914100045711415,0,ranging,0.0070914100045711415
2018-08-10,global,2,AUDNZD,0.020057463902055206,-0.012371709963146182,0,neither,0.012371709963146182
2018-08-10,global,2,AUDUSD,-0.004684251734658029,0.0037946245102606913,0,ranging,0.0037946245102606913
2018-08-10,global,2,CADCHF,-0.0007481689549260206,-0.0029448274040621003,1,ranging,0.0029448274040621003
2018-08-10,global,2,CADJPY,-0.0049794277164765255,0.012746632517548928,0,ranging,0.012746632517548928
2018-08-10,global,2,CHFJPY,-0.004346432006840262,0.015859473925264655,0,neither,0.015859473925264655
2018-08-10,global,2,EURAUD,-0.007743868379627261,0.014513240373544845,0,neither,0.014513240373544845
2018-08-10,global,2,EURCAD,-0.020167541722578952,0.009502914227029535,0,ranging,0.009502914227029535
2018-08-10,global,2,EURCHF,-0.020816057857527492,0.006340148993501327,0,neither,0.006340148993501327
2018-08-10,global,2,EURGBP,0.017086860091431788,0.012288477034649414,1,neither,0.012288477034649414
2018-08-10,global,2,EURJPY,-0.024937940697196348,0.02199070414519233,0,neither,0.02199070414519233
2018-08-10,global,2,EURNZD,0.01202153422652752,0.002369545289447883,1,ranging,0.002369545289447883
2018-08-10,global,2,EURUSD,-0.012474404338625122,0.018410606472191393,0,trend-in-range,0.018410606472191393
2018-08-10,global,2,GBPAUD,-0.024401462965871645,0.003117617110855564,0,neither,0.003117617110855564
2018-08-10,global,2,GBPCAD,-0.036578626200290065,-0.0021226991670194595,1,neither,0.0021226991670194595
2018-08-10,global,2,GBPCHF,-0.03728214309997058,-0.006034143655101798,1,neither,0.006034143655101798
2018-08-10,global,2,GBPJPY,-0.04134394745873349,0.009207023886013577,0,ranging,0.009207023886013577
2018-08-10,global,2,GBPNZD,-0.0049065396577739895,-0.009963012188462628,1,ranging,0.009963012188462628
2018-08-10,global,2,GBPUSD,-0.02883239043010022,0.006264879087833686,0,trending,0.006264879087833686
2018-08-10,global,2,NZDCAD,-0.03187313550007853,0.007081120483182435,0,trend-in-range,0.007081120483182435
2018-08-10,global,2,NZDCHF,-0.03296444549093469,0.0037106034693377143,0,trend-in-range,0.0037106034693377143
2018-08-10,global,2,NZDJPY,-0.03655578428415951,0.0192336692028241,0,ranging,0.0192336692028241
2018-08-10,global,2,NZDUSD,-0.024469748370158362,0.015423187965354801,0,trend-in-range,0.015423187965354801
2018-08-10,global,2,USDCAD,-0.007951107529987622,-0.008530163754793874,1,ranging,0.008530163754793874
2018-08-10,global,2,USDCHF,-0.008690359786881485,-0.011536297129994377,1,trend-in-range,0.011536297129994377
2018-08-10,global,2,USDJPY,-0.012823589005305336,0.003481931840733088,0,ranging,0.003481931840733088
2020-03-09,global,3,AUDCAD,0.003310922666306171,-0.04517201263087911,0,ranging,0.04517201263087911
2020-03-09,global,3,AUDCHF,-0.04540159411404043,-0.040650939991469626,1,trend-in-range,0.040650939991469626
2020-03-09,global,3,AUDJPY,-0.0449580864484066,-0.017393496344844772,1,ranging,0.017393496344844772
2020-03-09,global,3,AUDNZD,0.0022352049577420985,-0.017099606651343024,0,ranging,0.017099606651343024
2020-03-09,global,3,AUDUSD,-0.0046901925526334765,-0.09564504622110237,1,neither,0.09564504622110237
2020-03-09,global,3,CADCHF,-0.04929836261926468,0.005064865825484377,0,ranging,0.005064865825484377
2020-03-09,global,3,CADJPY,-0.04843950820864762,0.029287358783530504,0,ranging,0.029287358783530504
2020-03-09,global,3,CHFJPY,0.000694766095414634,0.024319461898002936,1,trend-in-range,0.024319461898002936
2020-03-09,global,3,EURAUD,0.03637627432808155,0.04299353887615598,1,trend-in-range,0.04299353887615598
2020-03-09,global,3,EURCAD,0.03993298728406258,-0.0054562606766783706,0,ranging,0.0054562606766783706
2020-03-09,global,3,EURCHF,-0.010823340280958105,0.00035897823458297395,0,trending,0.00035897823458297395
2020-03-09,global,3,EURGBP,0.018343439100488412,0.051625918411792204,1,trending,0.051625918411792204
2020-03-09,global,3,EURJPY,-0.010081081531059022,0.024453134338553006,0,neither,0.024453134338553006
2020-03-09,global,3,EURNZD,0.038419017647712606,0.024513222417781977,1,neither,0.024513222417781977
2020-03-09,global,3,EURUSD,0.03084147154746364,-0.056940559440559424,0,neither,0.056940559440559424
2020-03-09,global,3,GBPAUD,0.018200181276705862,-0.008229749691007648,0,trend-in-range,0.008229749691007648
2020-03-09,global,3,GBPCAD,0.021514218396435636,-0.05432818225798375,0,ranging,0.05432818225798375
2020-03-09,global,3,GBPCHF,-0.028736088399193505,-0.04895715733698125,1,ranging,0.04895715733698125
2020-03-09,global,3,GBPJPY,-0.027935686407602245,-0.026497953107554872,1,ranging,0.026497953107554872
2020-03-09,global,3,GBPNZD,0.020099179138592493,-0.026021425433408796,0,trend-in-range,0.026021425433408796
2020-03-09,global,3,GBPUSD,0.012579446069796107,-0.10361805751392883,0,ranging,0.10361805751392883
2020-03-09,global,3,NZDCAD,0.0012911101199557518,-0.02906963351991343,0,trending,0.02906963351991343
2020-03-09,global,3,NZDCHF,-0.04780010863661066,-0.0241839205921478,1,trending,0.0241839205921478
2020-03-09,global,3,NZDJPY,-0.04734729891273404,-0.0005550245135826914,1,neither,0.0005550245135826914
2020-03-09,global,3,NZDUSD,-0.007246829512088437,-0.0800902692295552,1,neither,0.0800902692295552
2020-03-09,global,3,USDCAD,0.008838118142191487,0.055492308141401825,1,ranging,0.055492308141401825
2020-03-09,global,3,USDCHF,-0.040834697217675964,0.060790437799224106,0,ranging,0.060790437799224106
2020-03-09,global,3,USDJPY,-0.03997302936701019,0.08647149039259938,0,ranging,0.08647149039259938
2020-03-11,global,3,AUDCAD,0.0008968609865471766,-0.04827478112894923,0,ranging,0.04827478112894923
2020-03-11,global,3,AUDCHF,-0.06652317931339768,-0.040168299257116624,1,trend-in-range,0.040168299257116624
2020-03-11,global,3,AUDJPY,-0.06754409769335157,-0.019578046621422263,1,ranging,0.019578046621422263
2020-03-11,global,3,AUDNZD,-0.01042560903489198,-0.016745625060427316,1,ranging,0.016745625060427316
2020-03-11,global,3,AUDUSD,-0.030939506338353295,-0.06492705345300886,1,neither,0.06492705345300886
2020-03-11,global,3,CADCHF,-0.06756167964707804,0.008869179600887067,0,trend-in-range,0.008869179600887067
2020-03-11,global,3,CADJPY,-0.06855697550585738,0.030336575208876893,0,ranging,0.030336575208876893
2020-03-11,global,3,CHFJPY,-0.001173302045278879,0.022162579440594632,0,trend-in-range,0.022162579440594632
2020-03-11,global,3,EURAUD,0.0664399316104749,0.046700957378256414,1,trend-in-range,0.046700957378256414
2020-03-11,global,3,EURCAD,0.06762552229132468,-0.0037229074747996416,0,trend-in-range,0.0037229074747996416
2020-03-11,global,3,EURCHF,-0.004355866808107178,0.00474614730074685,0,trending,0.00474614730074685
2020-03-11,global,3,EURGBP,0.036927166148515544,0.028117109124411455,1,trending,0.028117109124411455
2020-03-11,global,3,EURJPY,-0.005598945295550828,0.02657045840407468,0,neither,0.02657045840407468
2020-03-11,global,3,EURNZD,0.05550536751334545,0.02941929024363099,1,neither,0.02941929024363099
2020-03-11,global,3,EURUSD,0.033485108059329693,-0.021047587779621457,0,neither,0.021047587779621457
2020-03-11,global,3,GBPAUD,0.028548622845117944,0.017987121706449782,1,trend-in-range,0.017987121706449782
2020-03-11,global,3,GBPCAD,0.0295949793712591,-0.03126539347854396,0,ranging,0.03126539347854396
2020-03-11,global,3,GBPCHF,-0.040015189633075265,-0.022459670713454116,1,ranging,0.022459670713454116
2020-03-11,global,3,GBPJPY,-0.04100620261888366,-0.0016719412432076863,1,ranging,0.0016719412432076863
2020-03-11,global,3,GBPNZD,0.018035834355100366,0.0010023861680488189,1,trending,0.0010023861680488189
2020-03-11,global,3,GBPUSD,-0.003335546736260131,-0.04797122818514432,1,ranging,0.04797122818514432
2020-03-11,global,3,NZDCAD,0.011447376153258526,-0.032281221777088254,0,trending,0.032281221777088254
2020-03-11,global,3,NZDCHF,-0.05672635335157539,-0.024019582844612142,1,trending,0.024019582844612142
2020-03-11,global,3,NZDJPY,-0.05786299499317249,-0.0028995238676597923,1,neither,0.0028995238676597923
2020-03-11,global,3,NZDUSD,-0.020738334686738802,-0.0491928794742551,1,neither,0.0491928794742551
2020-03-11,global,3,USDCAD,0.033069917964928086,0.017476122739280786,1,ranging,0.017476122739280786
2020-03-11,global,3,USDCHF,-0.03672582694593596,0.026471998721159462,0,ranging,0.026471998721159462
2020-03-11,global,3,USDJPY,-0.0378088879578099,0.04873102273923058,0,neither,0.04873102273923058
2020-03-15,USD,3,AUDUSD,-0.0784491875065163,0.008597299859435692,0,neither,0.008597299859435692
2020-03-15,USD,3,EURUSD,0.025334687471147754,-0.012188469689788706,0,neither,0.012188469689788706
2020-03-15,USD,3,GBPUSD,-0.0589587932303165,0.012354029320446713,0,ranging,0.012354029320446713
2020-03-15,USD,3,NZDUSD,-0.05538633679368432,-0.004714796188459491,1,neither,0.004714796188459491
2020-03-15,USD,3,USDCAD,0.041745272340361295,0.01057393190444933,1,ranging,0.01057393190444933
2020-03-15,USD,3,USDCHF,-0.03105210645272949,0.012251019158059151,0,trending,0.012251019158059151
2020-03-15,USD,3,USDJPY,-0.017252530037073832,0.01820483509839299,0,neither,0.01820483509839299
2022-02-24,global,3,AUDCAD,0.021966805715807114,0.012907793693153868,1,ranging,0.012907793693153868
2022-02-24,global,3,AUDCHF,0.00992914271812162,0.028533920811202318,1,ranging,0.028533920811202318
2022-02-24,global,3,AUDJPY,0.01964749718095815,0.033623398598018106,1,ranging,0.033623398598018106
2022-02-24,global,3,AUDNZD,-0.0018226854231900846,0.001027998953309961,0,trending,0.001027998953309961
2022-02-24,global,3,AUDUSD,0.01634276239056809,0.018109972353318904,1,trend-in-range,0.018109972353318904
2022-02-24,global,3,CADCHF,-0.011786796047311698,0.01541786144703483,0,ranging,0.01541786144703483
2022-02-24,global,3,CADJPY,-0.0025513303365325424,0.020459790520149124,0,ranging,0.020459790520149124
2022-02-24,global,3,CHFJPY,0.009388422825552745,0.004845504493104169,1,trend-in-range,0.004845504493104169
2022-02-24,global,3,EURAUD,-0.010540376288268094,-0.04247069662691294,1,ranging,0.04247069662691294
2022-02-24,global,3,EURCAD,0.011209439528023557,-0.03010028783095342,0,neither,0.03010028783095342
2022-02-24,global,3,EURCHF,-0.000702700101073428,-0.014955057590005483,1,trending,0.014955057590005483
2022-02-24,global,3,EURGBP,-0.0003833253473886078,-0.00011945718654438053,1,ranging,0.00011945718654438053
2022-02-24,global,3,EURJPY,0.008657202699557942,-0.010083279849678717,0,ranging,0.010083279849678717
2022-02-24,global,3,EURNZD,-0.01230798362091401,-0.04149675320792634,1,neither,0.04149675320792634
2022-02-24,global,3,EURUSD,0.005657859621030159,-0.02517465025281862,0,trend-in-range,0.02517465025281862
2022-02-24,global,3,GBPAUD,-0.010215244124781253,-0.04247399933592533,1,ranging,0.04247399933592533
2022-02-24,global,3,GBPCAD,0.011550187617260788,-0.030100802688071693,0,neither,0.030100802688071693
2022-02-24,global,3,GBPCHF,-0.00036962635596615723,-0.014854445827339302,1,ranging,0.014854445827339302
2022-02-24,global,3,GBPJPY,0.008988298375242065,-0.010265372168284825,0,ranging,0.010265372168284825
2022-02-24,global,3,GBPNZD,-0.011983679276039494,-0.04146605139087689,1,trending,0.04146605139087689
2022-02-24,global,3,GBPUSD,0.006007856999636019,-0.02510338226386588,0,trend-in-range,0.02510338226386588
2022-02-24,global,3,NZDCAD,0.023797937116473378,0.011830250474958337,1,trend-in-range,0.011830250474958337
2022-02-24,global,3,NZDCHF,0.01174518479958353,0.027447687935933995,1,trend-in-range,0.027447687935933995
2022-02-24,global,3,NZDJPY,0.021184552056841666,0.032523794744465206,1,ranging,0.032523794744465206
2022-02-24,global,3,NZDUSD,0.01819111191292322,0.017032211797047614,1,trend-in-range,0.017032211797047614
2022-02-24,global,3,USDCAD,0.0055265193980829075,-0.005117563540480208,0,ranging,0.005117563540480208
2022-02-24,global,3,USDCHF,-0.006330072714681445,0.010233744340101714,0,ranging,0.010233744340101714
2022-02-24,global,3,USDJPY,0.0029560258456065025,0.015233874597514241,1,trend-in-range,0.015233874597514241
2022-03-16,USD,2,AUDUSD,0.006012472384574474,0.026303879753692527,1,ranging,0.026303879753692527
2022-03-16,USD,2,EURUSD,-0.035779057278185644,0.0028725737173098675,0,trending,0.0028725737173098675
2022-03-16,USD,2,GBPUSD,-0.03701488569909628,-0.00030422878004254805,1,trend-in-range,0.00030422878004254805
2022-03-16,USD,2,NZDUSD,0.020096414582705613,0.01406720673822126,1,trend-in-range,0.01406720673822126
2022-03-16,USD,2,USDCAD,0.0036644438852542205,-0.013347848724381106,0,ranging,0.013347848724381106
2022-03-16,USD,2,USDCHF,0.017421000302598078,-0.018881765700252018,0,ranging,0.018881765700252018
2022-03-16,USD,2,USDJPY,0.023253399771618444,0.02472171233222742,1,trend-in-range,0.02472171233222742
2022-09-22,JPY,2,AUDJPY,0.008434319976354354,-0.021829675673390003,0,ranging,0.021829675673390003
2022-09-22,JPY,2,CADJPY,0.011833144154369979,0.002728151109258725,1,trending,0.002728151109258725
2022-09-22,JPY,2,CHFJPY,0.050983571881830336,0.0029921216613135737,1,trend-in-range,0.0029921216613135737
2022-09-22,JPY,2,EURJPY,0.03685334737827706,0.011431794813206997,1,ranging,0.011431794813206997
2022-09-22,JPY,2,GBPJPY,0.003536365210079939,0.006513479283517309,1,ranging,0.006513479283517309
2022-09-22,JPY,2,NZDJPY,-0.00673956075030635,-0.020534448369499914,1,ranging,0.020534448369499914
2022-09-22,JPY,2,USDJPY,0.05035656472852956,0.02103422362996632,1,trending,0.02103422362996632
2022-09-23,GBP,3,EURGBP,0.03667710854810391,-0.01713754813289159,0,trend-in-range,0.01713754813289159
2022-09-23,GBP,3,GBPAUD,-0.0007489620683148734,0.04991478111091685,0,trend-in-range,0.04991478111091685
2022-09-23,GBP,3,GBPCAD,-0.00738101464435148,0.03365505266656266,0,trending,0.03365505266656266
2022-09-23,GBP,3,GBPCHF,-0.03507710120519969,0.03668251075581952,0,trending,0.03668251075581952
2022-09-23,GBP,3,GBPJPY,-0.007732214050466979,0.03727922123848293,0,ranging,0.03727922123848293
2022-09-23,GBP,3,GBPNZD,0.012901359560312464,0.047835894394611556,1,ranging,0.047835894394611556
2022-09-23,GBP,3,GBPUSD,-0.04887920035825033,0.022786770399321643,0,trending,0.022786770399321643
2022-10-21,JPY,2,AUDJPY,-0.0026956742356971652,0.006875404513575933,0,ranging,0.006875404513575933
2022-10-21,JPY,2,CADJPY,0.0332872326317184,0.005202125202125263,1,neither,0.005202125202125263
2022-10-21,JPY,2,CHFJPY,0.0274026187927201,-0.0034396540072981763,0,trend-in-range,0.0034396540072981763
2022-10-21,JPY,2,EURJPY,0.04955443847823604,0.0030221440738502636,1,ranging,0.0030221440738502636
2022-10-21,JPY,2,GBPJPY,0.05228876424823592,-7.792970740394534e-05,0,ranging,7.792970740394534e-05
2022-10-21,JPY,2,NZDJPY,0.02455963280705542,0.022411400888930677,1,ranging,0.022411400888930677
2022-10-21,JPY,2,USDJPY,0.054590657855000835,-0.00673932037848568,0,trending,0.00673932037848568
2023-03-10,USD,2,AUDUSD,-0.05002739252040034,0.00932691285260745,0,neither,0.00932691285260745
2023-03-10,USD,2,EURUSD,-0.01460098705652313,0.011392476453668587,0,neither,0.011392476453668587
2023-03-10,USD,2,GBPUSD,-0.01620675996831278,0.016438128480013248,0,trend-in-range,0.016438128480013248
2023-03-10,USD,2,NZDUSD,-0.035830567409514846,0.010839445802770964,0,ranging,0.010839445802770964
2023-03-10,USD,2,USDCAD,0.027706760211665404,-0.005403919469301854,0,ranging,0.005403919469301854
2023-03-10,USD,2,USDCHF,0.011298699890482933,-0.00150877040639108,0,ranging,0.00150877040639108
2023-03-10,USD,2,USDJPY,0.03499768101396716,-0.03250684627340705,0,ranging,0.03250684627340705
2023-03-19,CHF,2,AUDCHF,-0.023502391140196477,-0.00794438927507446,1,neither,0.00794438927507446
2023-03-19,CHF,2,CADCHF,-0.016620983262378375,-0.0012645943005028526,1,trend-in-range,0.0012645943005028526
2023-03-19,CHF,2,CHFJPY,-0.019617027138724485,0.026520619286179103,0,ranging,0.026520619286179103
2023-03-19,CHF,2,EURCHF,-0.0002023717974664052,-0.001404945407835645,1,neither,0.001404945407835645
2023-03-19,CHF,2,GBPCHF,0.01386530080424131,-0.006800574893960132,0,ranging,0.006800574893960132
2023-03-19,CHF,2,NZDCHF,0.006361367260625528,-0.009735336687573093,0,ranging,0.009735336687573093
2023-03-19,CHF,2,USDCHF,0.0024022334278355206,-0.017756828307612937,0,ranging,0.017756828307612937
2023-07-28,JPY,2,AUDJPY,-0.023432770390163338,0.003580524504214644,0,ranging,0.003580524504214644
2023-07-28,JPY,2,CADJPY,-0.03431605932979309,0.011938281337988466,0,trending,0.011938281337988466
2023-07-28,JPY,2,CHFJPY,-0.0030009319664490164,0.019936730326893137,0,trending,0.019936730326893137
2023-07-28,JPY,2,EURJPY,-0.0266995537360305,0.02065257240620788,0,trending,0.02065257240620788
2023-07-28,JPY,2,GBPJPY,-0.022715075844696453,0.01453749593424214,0,trending,0.01453749593424214
2023-07-28,JPY,2,NZDJPY,-0.018954218622007746,-0.001829247247500665,1,neither,0.001829247247500665
2023-07-28,JPY,2,USDJPY,-0.036693255982595985,0.026924793335741937,0,trending,0.026924793335741937
2024-03-19,JPY,2,AUDJPY,-0.003594887723407436,0.010757489648453467,0,ranging,0.010757489648453467
2024-03-19,JPY,2,CADJPY,-0.009748778033352612,0.008633559364713772,0,ranging,0.008633559364713772
2024-03-19,JPY,2,CHFJPY,-0.012594103162336445,-0.010931502978643204,1,ranging,0.010931502978643204
2024-03-19,JPY,2,EURJPY,0.002039000519018286,0.00284291954415683,1,neither,0.00284291954415683
2024-03-19,JPY,2,GBPJPY,0.003918167926014959,0.00018238380848645264,1,ranging,0.00018238380848645264
2024-03-19,JPY,2,NZDJPY,-0.017037085174595012,-0.0019388123952549519,1,ranging,0.0019388123952549519
2024-03-19,JPY,2,USDJPY,-0.006580481014513029,0.005654698769622213,0,neither,0.005654698769622213
2024-04-29,JPY,2,AUDJPY,0.048607451250658684,0.00972046362131107,1,trend-in-range,0.00972046362131107
2024-04-29,JPY,2,CADJPY,0.03650582035199479,0.0012231026619955454,1,neither,0.0012231026619955454
2024-04-29,JPY,2,CHFJPY,0.03138495261580965,0.0050671543560054655,1,ranging,0.0050671543560054655
2024-04-29,JPY,2,EURJPY,0.036721572469536445,0.009910796861481552,1,trend-in-range,0.009910796861481552
2024-04-29,JPY,2,GBPJPY,0.035691476552929924,0.0028409090909089496,1,trend-in-range,0.0028409090909089496
2024-04-29,JPY,2,NZDJPY,0.03933919001049779,0.011127993323204022,1,trend-in-range,0.011127993323204022
2024-04-29,JPY,2,USDJPY,0.046272680419182866,0.0004540803274495353,1,trend-in-range,0.0004540803274495353
2024-07-31,JPY,3,AUDJPY,-0.07232564188310486,0.005932237941859819,0,neither,0.005932237941859819
2024-07-31,JPY,3,CADJPY,-0.06574221529495483,0.0011692891274523998,0,neither,0.0011692891274523998
2024-07-31,JPY,3,CHFJPY,-0.03131612830991437,0.0020087847730598796,0,neither,0.0020087847730598796
2024-07-31,JPY,3,EURJPY,-0.04782378164046297,0.00877030905485121,0,trending,0.00877030905485121
2024-07-31,JPY,3,GBPJPY,-0.0426988234145389,-0.0047561253915894275,1,trending,0.0047561253915894275
2024-07-31,JPY,3,NZDJPY,-0.08125815128790359,0.0012217128638518648,0,neither,0.0012217128638518648
2024-07-31,JPY,3,USDJPY,-0.05391127708724264,-0.004667102262877809,1,trending,0.004667102262877809
2024-08-05,JPY,3,AUDJPY,-0.1210080162167142,0.04641255605381178,0,neither,0.04641255605381178
2024-08-05,JPY,3,CADJPY,-0.10390579931453392,0.022637276239968696,0,neither,0.022637276239968696
2024-08-05,JPY,3,CHFJPY,-0.04854217498356672,0.005580977380488017,0,neither,0.005580977380488017
2024-08-05,JPY,3,EURJPY,-0.08266971129572676,0.02393859560239142,0,trending,0.02393859560239142
2024-08-05,JPY,3,GBPJPY,-0.08951066596789536,0.027781698168513946,0,trending,0.027781698168513946
2024-08-05,JPY,3,NZDJPY,-0.11665654725764008,0.04382707399103136,0,neither,0.04382707399103136
2024-08-05,JPY,3,USDJPY,-0.0886612811950026,0.0074342223886600944,0,trending,0.0074342223886600944
2024-11-05,USD,2,AUDUSD,-0.025440660657994107,-0.019944865402286793,1,neither,0.019944865402286793
2024-11-05,USD,2,EURUSD,-0.008920435907715851,-0.03532576374465912,1,ranging,0.03532576374465912
2024-11-05,USD,2,GBPUSD,-0.009630965848289486,-0.029773497523347903,1,trending,0.029773497523347903
2024-11-05,USD,2,NZDUSD,-0.024881632653061314,-0.021642138909236164,1,ranging,0.021642138909236164
2024-11-05,USD,2,USDCAD,0.020688035003744165,0.01095180914627969,1,neither,0.01095180914627969
2024-11-05,USD,2,USDCHF,0.011411383293734811,0.024256886685355417,1,trend-in-range,0.024256886685355417
2024-11-05,USD,2,USDJPY,0.02666297753453506,0.02512861100118724,1,neither,0.02512861100118724
2025-04-02,USD,3,AUDUSD,0.0010683590324176429,0.015087507543753764,1,trending,0.015087507543753764
2025-04-02,USD,3,EURUSD,0.015697641589339284,0.04680145534932989,1,trending,0.04680145534932989
2025-04-02,USD,3,GBPUSD,0.009972489683631514,0.020043978349120417,1,neither,0.020043978349120417
2025-04-02,USD,3,NZDUSD,0.006337717362520978,0.039456966321469,1,neither,0.039456966321469
2025-04-02,USD,3,USDCAD,-0.00634234784964538,-0.02944498621410585,1,trending,0.02944498621410585
2025-04-02,USD,3,USDCHF,-0.006587822645921393,-0.0708195383010567,1,ranging,0.0708195383010567
2025-04-02,USD,3,USDJPY,-0.0012749737996220478,-0.045799174837914514,1,ranging,0.045799174837914514
2026-07-31,JPY,3,AUDJPY,0.005558892883720468,0.020219092897557855,1,trend-in-range,0.020219092897557855
2026-07-31,JPY,3,CADJPY,0.002270567113739519,0.022182264869772705,1,ranging,0.022182264869772705
2026-07-31,JPY,3,CHFJPY,-0.011718711041519114,0.003946936766997533,0,ranging,0.003946936766997533
2026-07-31,JPY,3,EURJPY,-0.0015959179242210908,0.015389615039300253,0,ranging,0.015389615039300253
2026-07-31,JPY,3,GBPJPY,-0.0010741687979540782,0.015858507811469247,0,trend-in-range,0.015858507811469247
2026-07-31,JPY,3,NZDJPY,0.021852327937427862,0.012329033093152697,1,ranging,0.012329033093152697
2026-07-31,JPY,3,USDJPY,-0.009769055554521233,0.01198597507526955,0,trending,0.01198597507526955
