n,R,peg_n,peg_R,lv_n,lv_R,sup_n,sup_R,cap_n,cap_R,cln_n,cln_R,c1,c2,vol,base,slice,rank_before,sup_share,ex_sortino,ex_total_R,ex_calmar,rank,clean_R,clean_n,rk_R,rk_S,score,new_rank
217,118.48610286209836,15,6.152059528596318,7,12.750000000000046,21,15.95205952859632,0,0.0,181,77.7083606931557,dspo_signals,dpo_signals,variance_volume_signals,mcginley_dynamic_index,chop,1,0.13463232516949553,22.66532423511807,93.66042022175203,7.144691288063225,1,77.7083606931557,181,5.0,20.0,12.5,1
112,63.304392218724196,10,-1.085641725052024,5,-0.1964007988587393,14,-0.2820425239107016,0,0.0,91,54.586434742634914,ehlers_reverse_ema_signals,waddah_attar_explosion_signals,variance_volume_signals,fantail_vma,chop,21,-0.004455338942931656,29.76225710856461,54.3043922187242,4.75684840302257,21,54.586434742634914,91,21.0,4.0,12.5,2
146,70.05984618064528,9,5.4896286973178565,4,0.3298618965974738,13,5.81949059391533,0,0.0,125,64.01689877286907,fx_sniper_ergodic_cci_signals,j_tpo_signals,variance_volume_signals,mcginley_dynamic_index,chop,5,0.08306456424283475,25.116689247418552,69.8363893667844,10.147680934737318,5,64.01689877286907,125,12.0,14.0,13.0,3
246,104.35430478973295,19,10.880623976220416,10,0.1879260288647177,28,11.437663947674302,0,0.0,205,87.11412391930173,center_of_gravity_signals,qqe_mod_signals,variance_volume_signals,wma_baseline,chop,3,0.10960414111061774,21.52805984885906,95.55178786697608,6.712264281671415,3,87.11412391930173,205,3.0,26.0,14.5,4
129,58.00650218282043,14,0.11238751978346045,14,0.5193657209537861,25,2.082048029033568,0,0.0,101,57.94435761896068,polychromatic_momentum_signals,dspo_signals,efficiency_ratio_volume_signals,kama_baseline,chop,16,0.03589335592881517,24.159190149528865,60.02640564799427,8.143779775531094,16,57.94435761896068,101,16.0,15.0,15.5,5
117,56.48939672405958,10,-2.7435521990919005,7,9.436887455211924,17,6.693335256120022,0,0.0,95,50.40003058676462,halftrend_signals,schaff_trend_cycle_signals,choppiness_index_volume_signals,mcginley_dynamic_index,chop,18,0.11848834727012127,27.04466604008275,57.09336584288465,6.162530947232519,18,50.40003058676462,95,26.0,7.0,16.5,6
169,96.44211438544748,11,18.982100579055096,9,6.935487606019786,20,25.91758818507488,0,0.0,138,51.11113730972046,center_of_gravity_signals,schaff_trend_cycle_signals,variance_volume_signals,wma_baseline,chop,2,0.2687372456548473,25.17249023546629,77.02872549479537,8.948503823493684,2,51.11113730972046,138,25.0,13.0,19.0,7
139,61.42042682373577,10,17.299999999999958,4,3.9619154454598453,14,21.261915445459806,0,0.0,115,43.29566285272813,aroon_signals,kase_peak_oscillator_signals,damiani_volatmeter_volume_signals,super_smoother_2pole_baseline,chop,4,0.34617010243965274,33.86978027694897,65.5575782981879,6.015437884848171,4,43.29566285272813,115,38.0,1.0,19.5,8
122,66.35984992202766,9,-3.5551899447625948,3,3.583537878703758,12,0.028347933941163327,0,0.0,102,52.744133064589874,didi_index_signals,dpo_signals,waddah_attar_explosion_volume_signals,kama_baseline,chop,32,0.00042718502188404493,23.536543079367732,52.77248099853105,11.81535873802086,32,52.744133064589874,102,23.0,17.0,20.0,9
105,62.63650597400409,9,7.758454038567223,6,1.3000000000000171,14,6.408454038567232,0,0.0,84,44.97805193543685,dspo_signals,bears_bulls_impulse_signals,variance_volume_signals,kama_baseline,chop,33,0.10231180585371286,27.06429503387789,51.38650597400406,8.587512052133075,33,44.97805193543685,84,35.0,6.0,20.5,10
214,75.44673963759806,21,7.908005511695826,13,7.209256169962504,32,12.334652986006155,0,0.0,173,57.76426056463539,bears_bulls_impulse_signals,dspo_signals,volatility_ratio_volume_signals,ema_baseline,chop,7,0.163488217585738,21.68972717925086,70.09891355064157,7.1032925715253885,7,57.76426056463539,173,17.0,24.0,20.5,11
134,69.5486073478073,8,4.831100592278461,5,6.914282574667466,13,11.745383166945928,0,0.0,114,46.93205622303832,dpo_signals,fx_sniper_ergodic_cci_signals,fractal_dimension_volume_signals,alma_baseline,chop,15,0.16888020644623633,25.280283232648724,59.6774393899843,5.791577620774841,15,46.93205622303832,114,31.0,12.0,21.5,12
123,65.54648315251688,11,14.36678371687091,9,8.775823059044933,19,20.5971522304613,0,0.0,101,40.858421831146444,bears_bulls_impulse_signals,didi_index_signals,variance_volume_signals,ema_baseline,chop,6,0.31423733570166995,31.79322111400097,61.45557406160776,9.703551210333424,6,40.858421831146444,101,41.0,3.0,22.0,13
163,65.49849610188645,6,1.9915672077928734,0,0.0,6,1.9915672077928734,0,0.0,145,56.336172608260135,dpo_signals,lemantrend_signals,variance_volume_signals,sma_baseline,chop,26,0.030406304363002217,21.221795176513197,59.32773981605301,6.1460398001948855,26,56.336172608260135,145,18.0,28.0,23.0,14
298,60.30423340503553,23,7.741521351494086,20,3.3999999999999826,40,11.541521351494051,0,0.0,243,53.2814143683303,bears_bulls_impulse_signals,bears_bulls_impulse_signals,variance_volume_signals,ema_baseline,chop,14,0.19138824423776374,21.52095938883215,64.4380156012295,6.531910309239754,14,53.2814143683303,243,22.0,27.0,24.5,15
296,103.68106737278444,30,17.257899712047667,1,1.6999999999999695,30,17.257899712047667,0,0.0,259,74.52316766073666,bears_bulls_impulse_signals,supertrend_signals,volatility_ratio_volume_signals,wma_baseline,chop,11,0.1664517944245021,17.705421057194595,90.08106737278432,11.9346300946553,11,74.52316766073666,259,6.0,44.0,25.0,16
415,149.60004118892508,36,6.551393130557022,24,12.606709276675437,57,13.411673909008188,0,0.0,340,109.32750650172758,dspo_signals,parabolic_sar_signals,chaikin_volatility_volume_signals,ema_baseline,chop,17,0.08965020198136855,16.544199426519928,122.73918041073576,6.9354977058957985,17,109.32750650172758,340,1.0,49.0,25.0,17
249,105.19305144765075,24,11.94578396294484,23,16.19891358363503,43,20.14469754657991,0,0.0,195,68.04835390107075,kuskus_starlight_signals,dspo_signals,variance_volume_signals,rma_baseline,chop,10,0.19150216929114283,17.950923921854265,88.19305144765065,7.249311773949373,10,68.04835390107075,195,9.0,42.0,25.5,18
424,119.17073497063856,28,13.112209548548723,29,15.88836252341995,55,25.20057207196868,0,0.0,355,92.04931173077803,center_of_gravity_signals,volatility_quality_signals,variance_volume_signals,t3_baseline,chop,19,0.2114661127010556,16.018411840039132,117.2498838027467,10.827171043686263,19,92.04931173077803,355,2.0,51.0,26.5,19
111,62.464921296020506,9,10.504190645310263,8,11.295443221572222,17,21.799633866882484,0,0.0,92,38.073605427815494,aroon_signals,fx_sniper_ergodic_cci_signals,ttm_squeeze_volume_signals,fantail_vma,chop,9,0.3489900157493881,28.95411522124629,59.87323929469798,9.510075663447491,9,38.073605427815494,92,48.0,5.0,26.5,20
133,52.70379584675122,11,11.0205478364019,10,1.0000000000000255,21,12.020547836401924,0,0.0,104,34.46699390257613,qqe_mod_signals,lemantrend_signals,variance_volume_signals,frama_baseline,chop,50,0.22807745900038237,33.14240193257293,46.48754173897804,5.8515422449411405,50,34.46699390257613,104,53.0,2.0,27.5,21
128,59.32738978922398,9,12.857743764033735,5,3.980798498233839,13,14.409970833696159,0,0.0,114,45.19355436407712,donchian_breakout_signals,fx_sniper_ergodic_cci_signals,choppiness_index_volume_signals,super_smoother_2pole_baseline,chop,27,0.2428890076723641,21.850843563174735,57.174953769201856,9.576524468994274,27,45.19355436407712,114,34.0,23.0,28.5,22
325,104.53259015773448,32,9.420492441156192,18,9.188688700496812,50,18.609181141653004,0,0.0,261,74.3789105781361,dspo_signals,parabolic_sar_signals,variance_volume_signals,mcginley_dynamic_index,chop,22,0.1780227689141987,16.276920009399493,92.98809171978915,7.62270558407368,22,74.3789105781361,261,7.0,50.0,28.5,23
127,62.953842994201835,11,9.034582880519977,5,7.935129892508839,15,14.969712773028863,0,0.0,107,43.984130221172975,bears_bulls_impulse_signals,glitch_index_signals,volatility_ratio_volume_signals,frama_baseline,chop,23,0.23778870456578166,22.074407036613486,58.95384299420183,9.298813716933608,23,43.984130221172975,107,36.0,22.0,29.0,24
107,55.72290298932277,10,8.230307896069272,5,7.9324753942992565,13,10.362783290368538,0,0.0,90,41.0321394608132,j_tpo_signals,linreg_slope_signals,efficiency_ratio_volume_signals,fantail_vma,chop,39,0.18596991065512475,23.105418945106003,51.39492275118174,6.406421951651404,39,41.0321394608132,90,40.0,18.0,29.0,25
158,62.79447552171843,10,4.131899197262501,7,2.6335266645178437,16,7.765425861780347,0,0.0,133,51.73855308926808,dpo_signals,lemantrend_signals,fractal_dimension_volume_signals,sma_baseline,chop,30,0.12366415671541926,19.759969859660895,59.50397895104837,5.855813994779765,30,51.73855308926808,133,24.0,35.0,29.5,26
162,61.94280673311713,4,-0.9894109073513414,2,1.5944512918723937,6,0.605040384521052,0,0.0,144,55.12661770919536,lemantrend_signals,rex_oscillator_signals,damiani_volatmeter_volume_signals,lsma_baseline,chop,41,0.009767726333872646,18.340464472513652,55.7316580937164,6.949816444475049,41,55.12661770919536,144,19.0,41.0,30.0,27
379,97.95613281585123,36,10.292232393415572,17,2.755658048201071,53,13.047890441616643,0,0.0,309,80.27783589097758,waddah_attar_explosion_signals,center_of_gravity_signals,variance_volume_signals,wma_baseline,chop,42,0.1332013633709439,14.50478126273124,93.32572633259426,9.247801649456116,42,80.27783589097758,309,4.0,57.0,30.5,28
191,70.08362460090363,16,6.503765922146269,10,11.655268310683347,25,18.598352156860553,0,0.0,156,50.085272444043035,parabolic_sar_signals,bears_bulls_impulse_signals,variance_volume_signals,kama_baseline,chop,12,0.2653737197921803,19.78249455376594,68.6836246009036,8.585453075112966,12,50.085272444043035,156,27.0,34.0,30.5,29
153,62.53111760002907,12,4.253797338779341,4,3.999999999999996,16,8.253797338779338,0,0.0,130,49.01550568997847,dpo_signals,j_tpo_signals,chaikin_volatility_volume_signals,mcginley_dynamic_index,chop,35,0.13199503951894026,20.507367700366785,57.26930302875779,4.879092144227013,35,49.01550568997847,130,28.0,33.0,30.5,30
152,58.40787607948096,11,7.998038071715871,9,10.130307006600932,17,13.187954745045365,0,0.0,134,46.219921334435604,schaff_trend_cycle_signals,kuskus_starlight_signals,efficiency_ratio_volume_signals,fantail_vma,chop,25,0.2257906917741591,21.002647816678987,59.40787607948098,7.557877885785103,25,46.219921334435604,134,33.0,29.0,31.0,31
231,87.91356141302808,16,3.9109529442311786,9,4.658686708194429,25,8.569639652425604,0,0.0,193,61.41347359746354,polychromatic_momentum_signals,ssl_channel_signals,chaikin_volatility_volume_signals,kama_baseline,chop,34,0.09747801721015995,16.823029877836504,69.98311324988913,5.625639220851519,34,61.41347359746354,193,14.0,48.0,31.0,32
120,56.7020875558193,9,7.920041121971217,9,11.429183053669275,18,19.349224175640497,0,0.0,98,36.42701330583384,mama_fama_signals,linreg_slope_signals,variance_volume_signals,fantail_vma,chop,20,0.3412435945430143,25.9491459482577,55.77623748147432,5.616965605455402,20,36.42701330583384,98,52.0,11.0,31.5,33
174,81.78989764831226,14,14.36299704511217,7,-1.1579148239643333,21,13.205082221147833,0,0.0,140,48.1423659504183,dspo_signals,fx_sniper_ergodic_cci_signals,chaikin_volatility_volume_signals,fantail_vma,chop,29,0.16145126232983276,19.101547752737652,61.34744817156616,8.05064500523622,29,48.1423659504183,140,29.0,36.0,32.5,34
115,48.65650024259183,13,15.701181906696295,4,-3.5401492649707067,17,12.16103264172559,0,0.0,94,33.59546760086624,fisher_transform_signals,ichimoku_signals,volatility_ratio_volume_signals,mcginley_dynamic_index,chop,60,0.24993644386861058,26.42742618374747,45.75650024259184,7.0636322206080315,60,33.59546760086624,94,55.0,10.0,32.5,35
107,47.799751540455595,12,7.5235483742094225,4,6.500000000000029,16,14.02354837420945,0,0.0,84,33.018636868386864,mama_fama_signals,dpo_signals,waddah_attar_explosion_volume_signals,kama_baseline,chop,49,0.2933811980662816,26.99417093663426,47.042185242596304,6.027346034098593,49,33.018636868386864,84,57.0,8.0,32.5,36
291,94.32766135457722,19,15.278145941693959,19,8.395150828803965,37,24.4558228151979,0,0.0,246,66.9330622376192,polychromatic_momentum_signals,fx_sniper_ergodic_cci_signals,variance_volume_signals,wma_baseline,chop,37,0.2592645939060079,15.376231405007983,91.38888505281712,12.290815680735871,37,66.9330622376192,246,11.0,55.0,33.0,37
244,77.68612578153883,21,14.592195930652473,11,1.8719534952964882,31,16.46414942594896,0,0.0,204,54.68710624756115,fx_sniper_ergodic_cci_signals,hieken_ashi_smoothed_signals,variance_volume_signals,kama_baseline,chop,28,0.21193165781297676,17.072952696947148,71.15125567351012,8.683121895051409,28,54.68710624756115,204,20.0,46.0,33.0,38
253,86.472870750042,24,6.510164633668666,13,11.93701826895972,35,12.447182902628418,0,0.0,207,62.684886042695396,kuskus_starlight_signals,volatility_quality_signals,waddah_attar_explosion_volume_signals,fantail_vma,chop,38,0.14394321357282303,15.6448710712872,75.13206894532382,5.806107934469824,38,62.684886042695396,207,13.0,53.0,33.0,39
133,61.47944388198336,12,15.723039591780815,3,0.6499999999999875,15,16.3730395917808,0,0.0,105,31.27108293133392,dspo_signals,fx_sniper_ergodic_cci_signals,damiani_volatmeter_volume_signals,wma_baseline,chop,44,0.2663173014904083,26.67793004311392,47.64412252311472,7.238476340327189,44,31.27108293133392,105,58.0,9.0,33.5,40
133,70.53142260086189,13,15.905128921637935,12,10.593323873550965,24,27.130546803780426,0,0.0,105,36.99067663070266,polychromatic_momentum_signals,vortex_signals,efficiency_ratio_volume_signals,alma_baseline,chop,8,0.3846590045023265,22.84992563281174,64.12122343448308,14.145403017582026,8,36.99067663070266,105,49.0,19.0,34.0,41
343,101.79659977444989,32,13.853232777150508,28,15.725145914344948,58,30.89719285377636,0,0.0,278,68.34314791799524,polychromatic_momentum_signals,fx_sniper_ergodic_cci_signals,variance_volume_signals,super_smoother_2pole_baseline,chop,55,0.30351890851202384,13.544312687279763,99.2403407717716,9.923882891434124,55,68.34314791799524,278,8.0,60.0,34.0,42
322,96.73125461739413,24,7.845047580534288,9,1.9250330665880768,31,7.872520310577194,0,0.0,265,67.50645319428749,dspo_signals,center_of_gravity_signals,chaikin_volatility_volume_signals,sma_baseline,chop,57,0.08138548746954394,14.32587915552702,75.37897350486467,5.113183601528928,57,67.50645319428749,265,10.0,59.0,34.5,43
131,54.51343158550951,14,14.319152230831294,8,1.818181818181872,20,14.86460677628587,0,0.0,107,33.830642991041834,bears_bulls_impulse_signals,dpo_signals,variance_volume_signals,ema_baseline,chop,46,0.2726778766985035,24.050989097722724,48.695249767327695,4.00715814405986,46,33.830642991041834,107,54.0,16.0,35.0,44
121,71.03965259162574,9,8.643902275829733,10,8.605097380114323,18,17.955946315568564,0,0.0,94,36.92722669024915,polychromatic_momentum_signals,schaff_trend_cycle_signals,efficiency_ratio_volume_signals,alma_baseline,chop,31,0.2527594893909326,22.19001870541764,54.88317300581771,10.320281046672829,31,36.92722669024915,94,50.0,21.0,35.5,45
293,86.97708065116174,25,12.411266819946336,19,2.3080489704166998,42,13.919315790363072,0,0.0,237,60.84296829179409,aroon_signals,center_of_gravity_signals,variance_volume_signals,t3_baseline,chop,58,0.16003429508273745,14.351129958727268,74.7622840821572,7.434268099703705,58,60.84296829179409,237,15.0,58.0,36.5,46
153,73.03541080765136,14,14.905128921637942,12,10.593323873550949,25,26.130546803780412,0,0.0,125,40.45486400387097,polychromatic_momentum_signals,ehlers_reverse_ema_signals,efficiency_ratio_volume_signals,alma_baseline,chop,13,0.35777914459328153,20.8746340906354,66.58541080765141,14.46675015722019,13,40.45486400387097,125,42.0,32.0,37.0,47
160,60.494269236347,16,5.1647917337537,9,17.255673515025173,23,20.064791733753705,0,0.0,130,39.369135764926384,kuskus_starlight_signals,bears_bulls_impulse_signals,volatility_ratio_volume_signals,fantail_vma,chop,24,0.33168086807300584,20.918566826614832,59.433927498680106,8.542685471856688,24,39.369135764926384,130,46.0,30.0,38.0,48
126,58.90527714621849,11,15.834627526586194,1,-0.9999999999999966,12,14.834627526586198,0,0.0,109,36.84926821578746,kuskus_starlight_signals,dpo_signals,choppiness_index_volume_signals,rma_baseline,chop,40,0.25183868483909727,21.620881402483707,51.68389574237365,7.500633730475379,40,36.84926821578746,109,51.0,25.0,38.0,49
159,60.69233375921809,19,16.034022228874683,11,1.8511128711624254,28,14.981770970015749,0,0.0,126,39.91056278920233,dspo_signals,bears_bulls_impulse_signals,choppiness_index_volume_signals,rma_baseline,chop,36,0.2468478313826626,20.90504127395832,54.89233375921812,5.982661715909301,36,39.91056278920233,126,45.0,31.0,38.0,50
144,53.901969779038204,8,6.098736926386781,6,3.153874529522352,14,9.252611455909133,0,0.0,127,43.649358323129064,dspo_signals,fx_sniper_ergodic_cci_signals,waddah_attar_explosion_volume_signals,frama_baseline,chop,48,0.17165627701248418,18.493027561998737,52.90196977903821,6.875753310229571,48,43.649358323129064,127,37.0,40.0,38.5,51
215,66.52996854351031,14,12.229060954911231,8,6.231193745705534,19,15.17906095491124,1,-0.018806254294499402,184,48.065669857921904,aroon_signals,center_of_gravity_signals,variance_volume_signals,fantail_vma,chop,51,0.22815373713853782,15.822812215853189,63.244730812833126,9.832253306754744,51,48.065669857921904,184,30.0,52.0,41.0,52
163,61.51989582429066,13,8.498261397950508,3,5.299133816139161,16,13.797395214089669,0,0.0,140,42.46666910255903,coral_signals,hieken_ashi_smoothed_signals,variance_volume_signals,ema_baseline,chop,43,0.22427533449498907,17.842628821405537,56.26406431664869,7.704981486855907,43,42.46666910255903,140,39.0,43.0,41.0,53
136,55.96930732013018,12,5.834542139303009,14,10.25024773617928,24,14.367601090203507,0,0.0,107,38.86501743053348,volatility_quality_signals,waddah_attar_explosion_signals,variance_volume_signals,fantail_vma,chop,45,0.2567050009753469,18.99838428678319,53.23261852073697,6.169857984126241,45,38.86501743053348,107,47.0,38.0,42.5,54
150,53.89368574121211,14,16.819627666275505,6,-2.000000000000024,20,14.819627666275478,0,0.0,129,40.0740580749366,center_of_gravity_signals,relative_vigor_index_signals,variance_volume_signals,mcginley_dynamic_index,chop,52,0.27497892308640187,17.408917476792166,54.89368574121205,6.476003303488089,52,40.0740580749366,129,43.0,45.0,44.0,55
251,85.08510143972812,27,7.290201762985285,16,16.983560558901527,42,24.2871896126397,0,0.0,199,46.670523159055556,halftrend_signals,dpo_signals,ttm_squeeze_volume_signals,rma_baseline,chop,54,0.2854458559921217,14.785792700769452,71.95771277169524,4.866768416414387,54,46.670523159055556,199,32.0,56.0,44.0,56
201,66.29036894905467,24,7.864935617423555,8,14.082070884994163,31,18.947006502417707,0,0.0,160,33.34336244663692,price_momentum_oscillator_signals,schaff_trend_cycle_signals,efficiency_ratio_volume_signals,alma_baseline,chop,53,0.28581838965142614,18.788030100668323,52.290368949054645,6.070667476484056,53,33.34336244663692,160,56.0,39.0,47.5,57
146,56.62116078377182,16,17.208528058768536,13,18.186287254729706,28,32.744815313498236,0,0.0,113,17.789004985426782,ehlers_reverse_ema_signals,ichimoku_signals,volatility_ratio_volume_signals,mcginley_dynamic_index,chop,59,0.5783140942402442,19.04609111509956,50.53382029892503,9.122643310478969,59,17.789004985426782,113,60.0,37.0,48.5,58
209,72.81647662806549,16,8.669765919895875,9,13.00875086811079,25,21.67851678800666,0,0.0,176,40.00913038407271,center_of_gravity_signals,donchian_breakout_signals,variance_volume_signals,wma_baseline,chop,56,0.2977144431024442,15.581302188386047,61.68764717207938,5.904179011523171,56,40.00913038407271,176,44.0,54.0,49.0,59
169,67.18137102692071,17,10.882964273760221,16,20.232008942298815,32,30.181311446121992,0,0.0,129,29.41439354620867,polychromatic_momentum_signals,bears_bulls_impulse_signals,efficiency_ratio_volume_signals,alma_baseline,chop,47,0.4492511984315984,16.908421110338015,59.59570499233066,11.03239188706805,47,29.41439354620867,129,59.0,47.0,53.0,60
