c1,c2,vol,base,exit_ind,slice,mode,ex_n,ex_total_R,ex_expectancy_R,ex_win_rate,ex_profit_factor,ex_sharpe,ex_sortino,ex_max_dd_R,ex_ulcer_R,ex_calmar,ex_max_trade_share,cr_n,cr_total_R,cr_expectancy_R,cr_win_rate,cr_profit_factor,cr_sharpe,cr_sortino,cr_max_dd_R,cr_ulcer_R,cr_calmar,cr_max_trade_share,all_total_R,crisis_share_of_total_R,risk_atr_len,risk_atr_mult,risk_tp_mult,risk_trail_mult,risk_trail_arm,risk_be_pct,rank_R,rank_S,score,new_rank
linreg_slope_signals,relative_vigor_index_signals,variance_volume_signals,fantail_vma,adx_dmi_exit,chop,B,99,79.83771269479212,0.8064415423716376,0.5151515151515151,3.210652504612239,7.454405843365933,42.821601197644654,3.0616473218577624,1.0257989103668432,26.07671763002009,0.0369499563605664,6,-0.4025175433700517,-0.0670862572283419,0.3333333333333333,0.7631442077966152,-1.6901719283456813,-2.7682452531011523,0.999999999999998,0.471440395910381,-0.4025175433700525,2.4843637661791425,79.43519515142208,-0.005067244344308,18,1.0,2.95,1.5,2.0,0.05,4.0,5.0,4.5,1
bears_bulls_impulse_signals,schaff_trend_cycle_signals,variance_volume_signals,t3_baseline,adx_dmi_exit,chop,B,120,74.18649428536116,0.618220785711343,0.425,2.279828418676333,5.40841395177244,37.03789490899483,6.0082774984746266,2.2057198854930866,12.347381475671776,0.0397646502698015,6,4.26569967737403,0.7109499462290051,0.5,2.698754641362324,6.049532683555634,39.98134018369541,1.5110746269709328,0.8449207584418131,2.822957649633069,0.691562984531537,78.45219396273521,0.054373236259017,12,1.0,2.95,1.5,2.0,0.05,6.0,6.0,6.0,2
relative_vigor_index_signals,center_of_gravity_signals,damiani_volatmeter_volume_signals,mcginley_dynamic_index,adx_dmi_exit,trend,B,193,76.82606854505462,0.3980625313215266,0.4196891191709844,3.1067309824063885,5.771797684424193,35.38922054137816,8.625935814749944,2.942095865709903,8.906403918944733,0.0670007797202595,9,12.663426474991548,1.407047386110172,1.0,inf,19.543355017178744,,0.0,0.0,,0.3309021328493183,89.48949502004618,0.1415074079047475,49,1.0,2.95,1.6,1.2,0.12,5.0,8.0,6.5,3
parabolic_sar_signals,waddah_attar_explosion_signals,variance_volume_signals,ema_baseline,adx_dmi_exit,chop,B,137,89.2859905578423,0.6517225588163671,0.437956204379562,2.541716611523378,6.135981131796901,33.586288614541694,4.404455014301309,1.568252555344302,20.271745373248176,0.0302399064302352,13,22.506664908930787,1.731281916071599,0.7692307692307693,10.135652697269457,17.625461178716915,159.05887792387554,1.000000000000007,0.4002721683308251,22.506664908930627,0.1199644643453427,111.79265546677308,0.2013250764547783,4,1.0,2.7,1.5,2.0,0.05,3.0,11.0,7.0,4
center_of_gravity_signals,vortex_signals,variance_volume_signals,ema_baseline,adx_dmi_exit,trend,B,101,54.15738561573821,0.5362117387696852,0.5247524752475248,3.990374533495377,8.250602457120749,61.17274353390948,2.416108688179648,0.7629515728680979,22.41512804481558,0.068291814797585,5,185.3607658168035,37.07215316336071,0.6,186.36076581680365,7.156340036199371,,1.0,0.5,185.3607658168035,0.993583859193061,239.51815143254177,0.7738902655526249,3,1.0,2.7,1.25,1.05,0.01,16.0,2.0,9.0,5
relative_vigor_index_signals,center_of_gravity_signals,damiani_volatmeter_volume_signals,ema_baseline,adx_dmi_exit,trend,B,165,67.48757725947726,0.4090156197544076,0.4424242424242424,3.527143790322955,6.394206928765452,35.220054854804026,5.868385296854306,2.451576632056557,11.500195342601884,0.06512540366416,7,9.966153470917597,1.423736210131085,1.0,inf,16.479935010722016,,0.0,0.0,,0.4336450877156669,77.45373073039487,0.1286723489874015,25,1.0,2.95,1.5,1.75,0.1,10.0,9.0,9.5,6
kuskus_starlight_signals,coral_signals,chaikin_volatility_volume_signals,ema_baseline,adx_dmi_exit,trend,B,378,103.59930879441764,0.2740722454878774,0.3518518518518518,2.159901062157189,4.190654624116935,28.763717085151512,11.534081903904092,3.0784180555272873,8.982016051000214,0.0476686224395933,14,67.36155525095292,4.811539660782351,0.2857142857142857,20.20270171089192,4.247219084385716,372.2939871654309,2.0,0.8116190124339466,33.68077762547646,0.9982913849150122,170.96086404537058,0.3940174005734793,31,1.0,2.95,1.6,1.45,0.01,1.0,21.0,11.0,7
trend_direction_force_index_signals,fisher_transform_signals,waddah_attar_explosion_volume_signals,ema_baseline,adx_dmi_exit,trend,B,97,51.83388960351648,0.5343699959125411,0.5360824742268041,3.868214890730453,7.727023024000486,56.03844473838934,6.2746267638182545,1.929775841687238,8.260872168908795,0.1071899818291756,1,4.578135734811514,4.578135734811514,1.0,inf,,,0.0,0.0,,1.0,56.412025338328,0.0811553158631408,29,1.0,3.0,1.65,1.05,0.01,20.0,4.0,12.0,8
trend_direction_force_index_signals,bears_bulls_impulse_signals,waddah_attar_explosion_volume_signals,ema_baseline,adx_dmi_exit,trend,B,97,47.7608714648851,0.4923801181946917,0.5154639175257731,3.397163401267128,7.07621877038234,57.79838952249904,6.7153498691890965,2.1797780047862143,7.112194062146817,0.113062427666477,1,4.556206070104498,4.556206070104498,1.0,inf,,,0.0,0.0,,1.0,52.31707753498959,0.0870883138886592,36,1.0,3.0,1.65,1.15,0.01,23.0,3.0,13.0,9
center_of_gravity_signals,price_momentum_oscillator_signals,damiani_volatmeter_volume_signals,mcginley_dynamic_index,adx_dmi_exit,chop,B,97,57.36786701523266,0.5914213094353883,0.4329896907216495,2.24362026058013,5.596567987487533,33.487076507563586,4.913738620459558,1.6130712161455034,11.674993614102194,0.0439934349160897,5,9.095238095238097,1.819047619047619,0.8,10.09523809523814,18.323857922789657,,0.9999999999999948,0.4472135954999555,9.095238095238145,0.2774869109947653,66.46310511047076,0.1368464214863354,46,1.05,2.65,1.5,2.0,0.05,15.0,12.0,13.5,10
trend_direction_force_index_signals,lemantrend_signals,damiani_volatmeter_volume_signals,ema_baseline,adx_dmi_exit,trend,B,78,43.31959966308399,0.5553794828600511,0.5641025641025641,4.153404823614323,8.885979678559288,65.93394402301362,3.765007243564981,0.9106138863615416,11.505847628082083,0.0797337452090068,0,0.0,,,,,,,,,,43.31959966308399,0.0,22,1.0,2.75,0.7000000000000001,1.0,0.01,26.0,1.0,13.5,11
ssl_channel_signals,vortex_signals,variance_volume_signals,ema_baseline,adx_dmi_exit,trend,B,282,73.29247988306267,0.2599024109328463,0.3865248226950354,2.137187243919923,4.26663287092694,28.78167250045266,8.867271859889815,2.6896715171080383,8.265504998735135,0.0629809821066073,16,9.654665916376976,0.6034166197735611,0.5,3.413666479094238,6.038168869683318,,3.0000000000000036,1.2633135810874814,3.2182219721256553,0.5350505277787873,82.94714579943964,0.1163953964096761,26,1.0,2.25,1.4,1.25,0.01,7.0,20.0,13.5,12
kase_peak_oscillator_signals,polychromatic_momentum_signals,chaikin_volatility_volume_signals,tma_baseline,adx_dmi_exit,trend,B,220,61.30728903293005,0.2786694956042275,0.4227272727272727,2.2354624101281457,4.1792051440510125,31.8539472842397,6.737047262340834,2.004796575034382,9.100023592773256,0.1202872418135763,10,93.2773626972286,9.32773626972286,0.4,53.00485554127313,5.215420233821315,945.8270921916156,1.793627955051221,0.9199430186233112,52.004855541273535,0.9657838251861428,154.58465173015864,0.6034063644303614,4,1.0,2.85,1.75,1.75,0.05,13.0,15.0,14.0,13
polychromatic_momentum_signals,lemantrend_signals,chaikin_volatility_volume_signals,frama_baseline,adx_dmi_exit,trend,B,264,72.4331173262112,0.2743678686598909,0.4053030303030303,2.3986080206763023,4.827808405707141,28.42582640962826,7.336759404325344,2.0349341998658463,9.872630862545211,0.0477671780495439,8,0.0108593357326767,0.0013574169665845,0.25,1.0070095829489398,0.0438600209963436,0.1786954694938089,1.5492128150533149,0.7658855773635083,0.0070095829489397,71.83091991951191,72.44397666194388,0.0001498997740467,10,1.0,2.95,1.25,1.0,0.14,9.0,22.0,15.5,14
lemantrend_signals,aroon_signals,volatility_ratio_volume_signals,kama_baseline,adx_dmi_exit,trend,B,275,72.73505612897813,0.2644911131962841,0.36,2.3552930628036863,4.781711813671821,27.05775088622195,9.448120197734728,2.4738622180083794,7.698362701441607,0.0489441181817294,13,2.346612063017018,0.1805086202320783,0.5384615384615384,1.7822040210056722,3.565007183104927,,2.0000000000000036,0.7721099961494151,1.173306031508507,0.613001306050469,75.08166819199515,0.0312541279319524,21,1.0,2.4,0.55,2.0,0.01,8.0,23.0,15.5,15
kuskus_starlight_signals,center_of_gravity_signals,chaikin_volatility_volume_signals,ema_baseline,adx_dmi_exit,trend,B,386,89.80213230325404,0.2326480111483265,0.3367875647668393,1.9553501985730983,3.8915702078071166,23.959376269882256,13.364961583134448,4.049573896714562,6.719221132410691,0.0430785842892551,12,74.0466186205601,6.170551551713341,0.5,31.39499586375071,4.978090167116749,672.82556539221,1.0,0.4909171431679516,74.0466186205601,0.9260535484987732,163.84875092381412,0.4519205560193136,26,1.0,2.85,0.5,2.0,0.05,2.0,29.0,15.5,16
waddah_attar_explosion_signals,ssl_channel_signals,waddah_attar_explosion_volume_signals,fantail_vma,adx_dmi_exit,chop,B,97,53.63961379081495,0.5529857091836593,0.4536082474226804,2.2385517804437916,5.160080875661405,31.13866617374187,6.957731146090989,2.238550551407581,7.709354193852532,0.0559288143218085,4,4.000000000000006,1.0000000000000016,0.5,3.0000000000000004,6.873863542433761,,2.0000000000000027,1.1180339887498951,2.0000000000000004,0.7500000000000007,57.63961379081496,0.0693967175858735,17,1.0,3.0,1.5,2.0,0.05,17.0,16.0,16.5,17
bears_bulls_impulse_signals,donchian_breakout_signals,variance_volume_signals,mcginley_dynamic_index,adx_dmi_exit,chop,B,112,49.46663686922142,0.4416664006180483,0.4107142857142857,1.841706202235882,4.28218703430139,33.332982161300244,5.098265031556355,1.7806231341901164,9.702641303078876,0.0495283317213833,4,6.350000000000005,1.5875000000000012,0.75,7.349999999999979,14.609148543704457,,1.0000000000000044,0.5000000000000022,6.3499999999999766,0.3858267716535445,55.81663686922141,0.1137653638086092,16,1.0,2.45,1.5,2.0,0.05,22.0,13.0,17.5,18
ssl_channel_signals,chandelier_exit_signals,variance_volume_signals,kama_baseline,adx_dmi_exit,trend,B,196,51.85759387353531,0.2645795605792618,0.3724489795918367,2.0747844840330525,4.195914382385583,29.914527620606645,9.177927769294772,2.928854115016847,5.65025081664159,0.0842889212357649,22,91.77474885430452,4.171579493377479,0.4545454545454545,16.972928166489705,4.318545957464292,1337.7029941031033,3.745643372192887,1.5222935634073902,24.501731674624164,0.7876781550760099,143.63234272783987,0.6389560116568097,20,1.0,3.0,1.5,1.9,0.05,19.0,18.0,18.5,19
waddah_attar_explosion_signals,volatility_quality_signals,variance_volume_signals,fantail_vma,adx_dmi_exit,chop,B,110,57.96817289768547,0.5269833899789588,0.4272727272727272,2.2709000052979347,5.332862503225072,27.003355750777647,4.80104153254528,1.810032977942586,12.074082780732276,0.0448521985433118,3,4.419105873089166,1.4730352910297222,0.6666666666666666,6.659033306564754,11.979604452126749,,0.0,0.0,,0.5883543129919339,62.387278770774635,0.0708334448970917,26,1.0,2.6,1.5,2.0,0.05,14.0,24.0,19.0,20
parabolic_sar_signals,waddah_attar_explosion_signals,williams_vix_fix_volume_signals,mcginley_dynamic_index,adx_dmi_exit,trend,B,122,39.426496266036295,0.3231680021806253,0.3770491803278688,2.5426744184452525,5.014063737808572,33.660626792526436,4.5000851371187025,1.543935149587114,8.761277856907423,0.1406019109469043,2,2.3501371803894058,1.1750685901947029,0.5,inf,11.224972160321826,,0.0,0.0,,1.0,41.776633446425706,0.0562548244439853,50,1.0,2.05,1.5,2.0,0.05,32.0,10.0,21.0,21
dspo_signals,bears_bulls_impulse_signals,variance_volume_signals,ema_baseline,adx_dmi_exit,chop,B,85,47.45005734411175,0.5582359687542559,0.4705882352941176,2.315247737410924,5.42753325140132,29.939923153138704,6.9508964855889985,2.4107604168881793,6.826465829621828,0.0579556728468585,7,15.500000000000004,2.214285714285715,0.8571428571428571,16.500000000000078,24.80000000000004,,0.9999999999999948,0.3779644730092252,15.500000000000089,0.1774193548387099,62.95005734411175,0.2462269401165184,27,1.0,2.75,1.5,2.0,0.05,25.0,17.0,21.0,22
coral_signals,center_of_gravity_signals,williams_vix_fix_volume_signals,rma_baseline,adx_dmi_exit,trend,B,96,33.07178166964324,0.3444977257254504,0.3958333333333333,2.466088573587317,5.349263863164465,36.13742502972444,7.291129522138604,2.6325537540397477,4.535892767948354,0.0964938801228129,0,0.0,,,,,,,,,,33.07178166964324,0.0,40,1.0,3.0,0.5,1.85,0.01,36.0,7.0,21.5,23
laguerre_filter_signals,ssl_channel_signals,chaikin_volatility_volume_signals,mcginley_dynamic_index,adx_dmi_exit,trend,B,307,64.02187449031965,0.2085403077860574,0.3322475570032573,1.8749761915885008,3.503311846553805,21.652258836197195,16.327836678226664,5.9485356537014615,3.9210261440018854,0.067560873763381,21,94.5320796613702,4.50152760292239,0.8095238095238095,68.26433281890883,4.433794031284375,416.3060548131636,0.9999999999999964,0.2802194637498662,94.53207966137052,0.788004163576146,158.55395415168985,0.5962139523239552,13,1.0,3.0,1.9,1.45,0.01,11.0,32.0,21.5,24
laguerre_filter_signals,ssl_channel_signals,chaikin_volatility_volume_signals,ema_baseline,adx_dmi_exit,trend,B,301,63.99510212436494,0.2126083127055313,0.3421926910299003,1.897653631470956,3.6077495199336016,21.61309768930983,10.812157456376678,3.484994056104405,5.918809671664798,0.0675195452028627,21,95.47771537256128,4.54655787488387,0.8095238095238095,69.10649091765745,4.417314840258981,418.0147054060572,0.9999999999999968,0.2800836796754141,95.47771537256158,0.7908683074471757,159.47281749692627,0.5987083997835653,11,1.0,2.95,1.7,1.4,0.01,12.0,33.0,22.5,25
coral_signals,lemantrend_signals,williams_vix_fix_volume_signals,rma_baseline,adx_dmi_exit,trend,B,128,39.26015116452011,0.3067199309728133,0.3515625,2.24595838022543,4.769499184042987,33.156509167130885,5.0159747588883,1.9031304758022776,7.827023270990585,0.0823566696504935,2,-1.0000000000000002,-0.5000000000000001,0.0,0.0,,,0.5000000000000001,0.3535533905932738,-2.0,0.5,38.26015116452011,-0.0261368543919223,49,1.0,3.0,0.5,1.9,0.01,33.0,14.0,23.5,26
polychromatic_momentum_signals,lemantrend_signals,chaikin_volatility_volume_signals,wma_baseline,adx_dmi_exit,trend,B,176,47.577702134135464,0.2703278530348605,0.4318181818181818,2.5171749551107796,4.860177089318755,26.105271663068795,6.443173873150286,1.8576554823879317,7.384202734680061,0.1148525373685243,16,99.96988799067591,6.2481179994172455,0.625,120.39913139502264,4.423233465002469,2292.0580542405114,0.6684024436033269,0.3612371409499008,149.5654136925994,0.9027963139304744,147.5475901248114,0.6775433465643919,4,1.0,3.0,0.9,1.05,0.07,24.0,25.0,24.5,27
ssl_channel_signals,relative_vigor_index_signals,chaikin_volatility_volume_signals,tma_baseline,adx_dmi_exit,trend,B,249,51.1485816925926,0.2054159907333036,0.4056224899598393,1.898408162019419,4.027951862609154,23.54723098533124,6.407548791041471,2.276694145539054,7.982550482347401,0.0690195726388751,17,101.76533506989638,5.98619618058214,0.6470588235294118,54.482278975242366,4.37278903330962,669.6661988335325,1.432427551092189,0.4492842820335815,71.0439665812787,0.8862901960517501,152.91391676248898,0.6655073470386722,4,1.0,1.85,1.2,1.1,0.04,21.0,31.0,26.0,28
fx_sniper_ergodic_cci_signals,polychromatic_momentum_signals,chaikin_volatility_volume_signals,sma_baseline,adx_dmi_exit,trend,B,203,43.144222484840064,0.2125331156888673,0.3891625615763547,1.905664057489298,4.059258446813229,25.287476258146913,8.150107179235532,3.0816537409283926,5.293700013511593,0.0946639893761932,5,71.86043272566098,14.372086545132197,0.6,90.13277267645644,7.2576058921502895,,0.8062178541949834,0.4031089270974917,89.13277267645523,0.9823438673375332,115.00465521050106,0.6248480341437468,24,1.0,2.0,0.5,1.6,0.05,27.0,26.0,26.5,29
center_of_gravity_signals,polychromatic_momentum_signals,chaikin_volatility_volume_signals,tma_baseline,adx_dmi_exit,trend,B,194,41.904278764655544,0.2160014369312141,0.3865979381443299,1.894150991892324,3.9844681563944744,24.688360298624737,9.456078092240052,2.749135317643091,4.431464964216347,0.0790922931686016,12,96.06600161918747,8.00550013493229,0.5,54.559603232457064,4.902065995176823,811.7531087087182,1.793627955051221,0.839789238198971,53.55960323245749,0.9393816777949242,137.97028038384303,0.6962803971400587,4,1.0,2.4,0.95,2.0,0.01,29.0,27.0,28.0,30
relative_vigor_index_signals,dspo_signals,chaikin_volatility_volume_signals,tma_baseline,adx_dmi_exit,trend,B,326,53.55407642008167,0.1642763080370603,0.3159509202453988,1.6649241602641374,2.864826853755281,16.879477041971494,24.096557597531323,10.09493929578473,2.222478302277013,0.0718948938536778,16,101.63325500000175,6.3520784375001105,0.875,118.78047022424606,4.512755869081973,,0.8629041368785408,0.241189038515775,117.7804702242461,0.8865737632125211,155.18733142008344,0.654906905544282,4,1.0,2.7,1.65,1.1,0.01,18.0,38.0,28.0,31
lemantrend_signals,coral_signals,williams_vix_fix_volume_signals,rma_baseline,adx_dmi_exit,trend,B,104,30.840784976472797,0.2965460093891615,0.3461538461538461,2.2158344106399968,4.610156192813024,29.912796549480483,9.399819844118236,3.789450195830047,3.2809974539853384,0.104839591545786,2,-1.0000000000000016,-0.5000000000000008,0.0,0.0,,,0.5000000000000008,0.3535533905932743,-2.0,0.5,29.84078497647279,-0.0335111827918878,49,1.0,3.0,0.5,1.9,0.01,39.0,19.0,29.0,32
dspo_signals,polychromatic_momentum_signals,chaikin_volatility_volume_signals,sma_baseline,adx_dmi_exit,trend,B,267,39.72333491600762,0.1487765352659461,0.3857677902621723,1.5661964878566024,3.0870725870208795,24.41393689196243,9.846867330270758,3.2287005323694498,4.034108877845047,0.0578211718881295,11,74.79581735686018,6.799619759714562,0.4545454545454545,28.57461304015328,4.891728964488515,1454.0358691806905,1.712488376462261,0.7791840818652169,43.67668615151532,0.9799100823242816,114.5191522728678,0.6531293314033815,18,1.0,2.15,0.5,1.0,0.01,31.0,28.0,29.5,33
bears_bulls_impulse_signals,center_of_gravity_signals,variance_volume_signals,sma_baseline,adx_dmi_exit,chop,B,110,39.20376182820125,0.3563978348018295,0.3545454545454545,1.6467918179004273,3.2623508797789063,23.863191890627267,9.14417944952762,3.270033441879028,4.287291390615315,0.0765232686890256,6,12.100725885908458,2.0167876476514097,0.8333333333333334,13.10072588590854,19.26618543310979,,0.9999999999999928,0.4082482904638601,12.100725885908544,0.2479190114944737,51.304487714109705,0.2358609631449556,30,1.0,3.0,1.5,2.0,0.05,34.0,30.0,32.0,34
fx_sniper_ergodic_cci_signals,polychromatic_momentum_signals,chaikin_volatility_volume_signals,kama_baseline,adx_dmi_exit,trend,B,221,39.76711138295198,0.179941680465846,0.3484162895927601,1.718027897786383,3.422079498202477,19.951193568002665,7.2508118433779725,2.362428347241338,5.484504665401092,0.099796522761393,15,74.7600127328091,4.98400084885394,0.5333333333333333,33.68834340660915,4.440467430370887,548.9796519819993,1.735160979460403,0.6696865555097988,43.08534690312009,0.927424649401884,114.52712411576108,0.6527712392152937,32,1.0,2.25,0.85,1.45,0.01,30.0,36.0,33.0,35
ehlers_reverse_ema_signals,fx_sniper_ergodic_cci_signals,variance_volume_signals,wma_baseline,adx_dmi_exit,trend,B,268,42.93719618700008,0.1602134186082092,0.3171641791044776,1.609269951729135,2.82603908549105,16.470522680123956,9.527887405486496,3.622713646319927,4.506476027652815,0.0832760856500818,14,87.42506757931538,6.244647684236813,0.4285714285714285,29.04057407343671,4.346489441676428,485.4868307116606,3.1178059104765055,1.7284923443974345,28.04057407343676,0.977283007220339,130.36226376631546,0.6706317077772724,5,1.0,3.0,0.9,1.1,0.01,28.0,39.0,33.5,36
coppock_curve_signals,coral_signals,variance_volume_signals,rma_baseline,adx_dmi_exit,trend,B,196,37.94442350452844,0.1935939974720838,0.3979591836734694,1.8729535826248516,3.57317612758523,20.01995671877527,7.557650713266867,2.3119928946051016,5.02066382056,0.0809267466989363,16,84.47875481995119,5.2799221762469495,0.625,29.159584939983738,4.096060702294817,,2.0,0.6959705453537527,42.2393774099756,0.970417496143618,122.4231783244796,0.6900552328092834,5,1.0,2.95,0.5,1.0,0.05,35.0,35.0,35.0,37
price_momentum_oscillator_signals,linreg_slope_signals,variance_volume_signals,wma_baseline,adx_dmi_exit,trend,B,138,22.883393782447957,0.1658216940757098,0.3623188405797101,1.6409180806890584,3.09710241043581,20.369838093226697,4.879218670173109,2.023098867659833,4.689970941932816,0.121465064949806,10,91.85113490609152,9.185113490609153,0.8,92.8511349060912,5.1206327156947165,,1.0,0.5664792753719613,91.85113490609152,0.9821678095375648,114.73452868853948,0.800553555725429,4,1.0,2.55,1.1,1.1,0.01,40.0,34.0,37.0,38
polychromatic_momentum_signals,parabolic_sar_signals,chaikin_volatility_volume_signals,kama_baseline,adx_dmi_exit,trend,B,211,32.50627406169025,0.1540581709084846,0.3507109004739336,1.6128083354966924,2.9024949929538426,19.153320917869284,10.74646713523506,4.280748894442842,3.024833524601779,0.1175936645260918,21,75.14659230807673,3.5784091575274637,0.6190476190476191,19.786648077019155,3.9256880633011138,,1.0,0.4364357804719846,75.14659230807673,0.8857149554428577,107.652866369767,0.6980454384740911,43,1.0,2.05,1.45,1.55,0.01,37.0,37.0,37.0,39
polychromatic_momentum_signals,parabolic_sar_signals,chaikin_volatility_volume_signals,ema_baseline,adx_dmi_exit,trend,B,253,31.66582346907248,0.1251613575852667,0.2924901185770751,1.478977457711016,2.241731388762573,12.61681454412491,11.260970787242634,4.441843416944804,2.8119976569823057,0.1354876147866976,17,82.88358301787436,4.875504883404374,0.6470588235294118,54.016256859878155,4.402122055561125,1781.8169609501815,0.9944600817724448,0.3511038214880376,83.34530921557895,0.8803808154488949,114.54940648694684,0.7235618722068117,17,1.0,2.9,1.75,1.0,0.01,38.0,40.0,39.0,40
