n,R,peg_n,peg_R,lv_n,lv_R,sup_n,sup_R,cap_n,cap_R,cln_n,cln_R,c1,c2,vol,base,slice,rank_before,sup_share
304,110.28477806310468,20,22.936159134079805,4,14.708476501455625,22,24.4361591340798,2,13.20847650145563,261,82.59865112666493,lemantrend_signals,rex_oscillator_signals,variance_volume_signals,fantail_vma,trend,1,0.22157327206205638
150,111.79265546677307,12,15.020154927513934,5,6.561743627623828,16,18.88189855513781,0,0.0,121,70.40409200270453,parabolic_sar_signals,waddah_attar_explosion_signals,variance_volume_signals,ema_baseline,chop,2,0.16890106488927506
146,86.09107036533452,17,25.648583618519183,3,0.7619047619047528,20,26.410488380423935,0,0.0,108,52.76041079988933,bears_bulls_impulse_signals,ssl_channel_signals,variance_volume_signals,kama_baseline,chop,3,0.3067738415650875
117,72.49956712474801,12,12.445891230884397,5,1.8599451119070167,16,11.955836342791423,0,0.0,89,60.61921440179709,lemantrend_signals,dpo_signals,ttm_squeeze_volume_signals,sma_baseline,chop,4,0.16490907210824232
202,89.48949502004619,10,-1.6598538230169595,10,9.30695993962521,18,8.647106116608269,0,0.0,175,68.17896242844634,relative_vigor_index_signals,center_of_gravity_signals,damiani_volatmeter_volume_signals,mcginley_dynamic_index,trend,5,0.09662705231123792
126,78.4521939627352,17,16.01791875556386,12,1.5202860503279467,25,13.638204805891782,0,0.0,95,60.548289479469396,bears_bulls_impulse_signals,schaff_trend_cycle_signals,variance_volume_signals,t3_baseline,chop,6,0.17384096118930634
222,73.8962060174453,24,-0.6958463638825336,8,7.704626155572054,30,8.008779791689529,0,0.0,170,63.09252955571034,coral_signals,fx_sniper_ergodic_cci_signals,williams_vix_fix_volume_signals,rma_baseline,trend,7,0.1083787683199707
201,99.6845690248478,12,7.538291859907259,11,8.792616983551675,23,16.33090884345893,0,0.0,169,79.08094821363896,dpo_signals,waddah_attar_explosion_signals,choppiness_index_volume_signals,sma_baseline,chop,8,0.16382584589785623
268,79.761502743908,20,0.6788825299520634,16,14.602011115723556,32,16.53501719432062,0,0.0,233,61.038788100035845,bears_bulls_impulse_signals,rex_oscillator_signals,variance_volume_signals,ema_baseline,trend,9,0.20730573805022157
172,77.45373073039484,16,-5.85154749530878,6,8.305644548166079,20,3.4540970528572554,0,0.0,145,64.03348020662,relative_vigor_index_signals,center_of_gravity_signals,damiani_volatmeter_volume_signals,ema_baseline,trend,10,0.04459561883313878
230,143.87473209275828,22,66.37173262064347,10,73.29023043014715,28,67.04590362232078,0,0.0,194,72.97398885001695,qqe_mod_signals,polychromatic_momentum_signals,chaikin_volatility_volume_signals,tma_baseline,trend,11,0.4660019354829814
233,129.45515258761918,17,28.315770963845804,9,15.000000000000048,25,40.315770963845786,0,0.0,198,74.50934218326393,dspo_signals,dpo_signals,variance_volume_signals,rma_baseline,chop,12,0.3114265454714817
464,126.22262674389783,42,16.001311168864127,6,3.672669321028377,44,15.474884513901731,0,0.0,407,93.63676202945756,lemantrend_signals,rex_oscillator_signals,volatility_ratio_volume_signals,fantail_vma,trend,13,0.12259992453888507
298,82.9471457994397,22,1.2549230419780377,8,2.963194716588161,26,3.350256761260077,0,0.0,259,70.90914872061825,ssl_channel_signals,vortex_signals,variance_volume_signals,ema_baseline,trend,14,0.040390259712621814
268,170.3172734852123,22,92.92966017576808,4,95.26604614055633,22,92.92966017576808,0,0.0,233,70.88152905877958,coral_signals,polychromatic_momentum_signals,chaikin_volatility_volume_signals,wma_baseline,trend,15,0.5456267486799373
222,65.33905716299907,12,9.329871169840146,4,7.232028684086919,14,12.567735933216454,0,0.0,202,48.58265287763367,glitch_index_signals,coral_signals,chaikin_volatility_volume_signals,mcginley_dynamic_index,trend,16,0.19234645369712272
210,65.04029515863049,14,-3.219934143539307,4,8.930653390830637,16,6.412697760058023,0,0.0,184,57.41866465259791,fisher_transform_signals,center_of_gravity_signals,williams_vix_fix_volume_signals,rma_baseline,trend,17,0.09859576658466461
114,64.08388566916102,15,17.267543452108185,10,0.9499999999999609,25,18.217543452108142,0,0.0,83,45.60413800513218,dspo_signals,qqe_mod_signals,waddah_attar_explosion_volume_signals,sma_baseline,chop,18,0.28427651135509935
130,71.59145546480849,8,2.2225141250973324,11,5.384972725957615,19,7.607486851054947,0,0.0,108,62.46082701346963,volatility_quality_signals,coral_signals,waddah_attar_explosion_volume_signals,fantail_vma,chop,19,0.10626249741206176
116,67.82156676240048,11,14.657925457137178,5,2.655550218207455,15,18.31347567534462,0,0.0,95,41.10809108705586,glitch_index_signals,rex_oscillator_signals,variance_volume_signals,ema_baseline,chop,20,0.2700243676101185
117,79.54309513763059,12,18.876082919418952,8,5.902413146307902,19,21.77849606572686,0,0.0,91,43.547574915127186,ichimoku_signals,price_momentum_oscillator_signals,choppiness_index_volume_signals,rma_baseline,chop,21,0.27379492874955774
288,75.0816681919952,22,1.511286192962543,10,3.662271619006556,30,6.173557811969134,0,0.0,247,65.56149831700903,lemantrend_signals,aroon_signals,volatility_ratio_volume_signals,kama_baseline,trend,22,0.08222456906767722
196,65.9487867835182,14,5.013740257502603,2,2.7245648758815006,16,7.738305133384102,0,0.0,177,57.51594881537982,lemantrend_signals,kalman_filter_signals,chaikin_volatility_volume_signals,mcginley_dynamic_index,trend,23,0.11733809689002565
140,73.36310350743835,19,13.283068636343225,13,-3.6896767121830467,30,11.005070682892608,0,0.0,103,57.80803282454571,bears_bulls_impulse_signals,ichimoku_signals,variance_volume_signals,t3_baseline,chop,24,0.15000824878921315
304,100.6277294521851,22,27.60971222021042,8,20.452336653398852,26,29.524683788230924,2,16.532746179234,272,61.159305796435014,relative_vigor_index_signals,waddah_attar_explosion_signals,volatility_ratio_volume_signals,t3_baseline,trend,25,0.29340504798192885
230,154.58465173015873,24,87.26443505199049,2,91.51076814900463,24,87.26443505199049,0,0.0,198,65.55362212994423,kase_peak_oscillator_signals,polychromatic_momentum_signals,chaikin_volatility_volume_signals,tma_baseline,trend,26,0.5645090510299712
174,67.20438268111508,8,11.590573508307827,2,0.06868755434892888,10,11.659261062656757,0,0.0,161,49.17490558560284,waddah_attar_explosion_signals,relative_vigor_index_signals,volatility_ratio_volume_signals,t3_baseline,trend,27,0.17348959394478738
112,75.33889552443165,12,16.430653740753716,4,19.561180268667314,14,20.241185196000963,2,15.750648813420067,90,52.03664758626118,vortex_signals,relative_vigor_index_signals,variance_volume_signals,tma_baseline,trend,28,0.26866846208857614
398,163.84875092381426,42,64.05934420499607,10,77.74974108393442,46,70.62369057793747,0,0.0,342,89.17457565322154,kuskus_starlight_signals,center_of_gravity_signals,chaikin_volatility_volume_signals,ema_baseline,trend,29,0.4310297770336729
177,82.71571889716468,19,4.270154530354333,5,1.0000000000000164,24,5.270154530354348,0,0.0,146,72.44556436681033,center_of_gravity_signals,qqe_mod_signals,variance_volume_signals,sma_baseline,chop,30,0.06371406306588961
143,87.70974803401049,13,11.026925543396949,8,14.26175440088417,20,25.527380732018027,0,0.0,116,45.712012435936956,polychromatic_momentum_signals,bears_bulls_impulse_signals,ttm_squeeze_volume_signals,kama_baseline,chop,31,0.2910438269885291
125,56.11614268022798,16,13.24545449850004,8,1.2999999999999914,24,14.545454498500034,0,0.0,97,41.80590104084844,dspo_signals,volatility_quality_signals,waddah_attar_explosion_volume_signals,tma_baseline,chop,32,0.2592026786549781
102,58.77724612582533,9,14.099999999999962,3,1.2046920483612835,11,12.454692048361288,0,0.0,84,41.77255407746405,ichimoku_signals,fisher_transform_signals,chaikin_volatility_volume_signals,wma_baseline,chop,33,0.21189648834005156
124,67.50564808677066,13,11.93018114559735,10,3.952868750337064,22,16.56482699423098,0,0.0,100,48.94082109253969,volatility_quality_signals,relative_vigor_index_signals,waddah_attar_explosion_volume_signals,fantail_vma,chop,34,0.24538431173846106
102,66.46310511047076,13,11.960180287081897,4,6.5714285714285605,16,16.00779933470093,0,0.0,81,41.360067680531735,center_of_gravity_signals,price_momentum_oscillator_signals,damiani_volatmeter_volume_signals,mcginley_dynamic_index,chop,35,0.24085241440486085
104,60.934850016121665,11,9.659154412334663,4,8.098611972423711,15,17.757766384758373,0,0.0,87,37.17708363136328,ichimoku_signals,dspo_signals,ttm_squeeze_volume_signals,rma_baseline,chop,36,0.29142217269854875
171,65.43895604286764,20,12.064991863493267,7,5.662331538306798,26,16.27732340180006,0,0.0,142,51.433789368171894,price_momentum_oscillator_signals,fisher_transform_signals,efficiency_ratio_volume_signals,fantail_vma,chop,37,0.24874057268176983
320,78.26998364000036,24,6.837114758109384,18,2.691513706559431,34,9.538246762604508,0,0.0,284,62.465392941930766,ehlers_reverse_ema_signals,vortex_signals,variance_volume_signals,tma_baseline,trend,38,0.1218634055997161
121,75.48772765700639,13,3.497543055145659,7,4.854715562551209,19,8.59754305514565,0,0.0,95,50.527461815567776,polychromatic_momentum_signals,bears_bulls_impulse_signals,variance_volume_signals,rma_baseline,chop,39,0.11389325552638581
178,61.11478407974059,14,-3.2341272560041494,4,6.150072171135339,18,2.915944915131191,0,0.0,154,51.05518794446477,center_of_gravity_signals,kase_peak_oscillator_signals,damiani_volatmeter_volume_signals,mcginley_dynamic_index,trend,40,0.04771259457165979
250,71.24341955706691,20,0.47509081641551915,6,1.3988608349509555,24,2.873951651366524,0,0.0,221,62.62733921548872,ehlers_reverse_ema_signals,waddah_attar_explosion_signals,variance_volume_signals,mcginley_dynamic_index,trend,41,0.04033988920288212
146,81.04588711033465,15,16.344506714380994,6,4.346741854001089,20,17.691248568382072,0,0.0,119,49.28615004456293,parabolic_sar_signals,bears_bulls_impulse_signals,variance_volume_signals,fantail_vma,chop,42,0.21828681502736189
98,56.412025338327986,6,2.2957857723309494,4,6.056073684736421,10,8.35185945706737,0,0.0,87,43.48203014644911,trend_direction_force_index_signals,fisher_transform_signals,waddah_attar_explosion_volume_signals,ema_baseline,trend,43,0.1480510477505028
194,155.95211298471574,18,92.9850196064135,4,90.56076814900469,18,92.9850196064135,0,0.0,165,52.524517616729966,coral_signals,polychromatic_momentum_signals,chaikin_volatility_volume_signals,fantail_vma,trend,44,0.5962408448773413
125,57.569371274004034,9,1.8117239214895484,5,6.285714285714311,14,8.09743820720386,0,0.0,100,47.196769086433854,bears_bulls_impulse_signals,lemantrend_signals,variance_volume_signals,fantail_vma,chop,45,0.1406553177151047
124,67.72517896498105,8,18.600000000000044,11,16.241233646186604,16,30.241233646186597,0,0.0,108,37.48394531879446,schaff_trend_cycle_signals,relative_vigor_index_signals,waddah_attar_explosion_volume_signals,fantail_vma,chop,46,0.4465286634653791
114,54.92771259885008,13,22.949764518177865,4,-0.4500000000000135,15,20.949764518177865,0,0.0,96,33.11481912459443,rex_oscillator_signals,ichimoku_signals,volatility_ratio_volume_signals,rma_baseline,chop,47,0.38140609770479417
116,49.60513429093177,11,7.600000000000018,13,18.00000000000003,21,22.400000000000038,0,0.0,90,29.10513429093176,glitch_index_signals,linreg_slope_signals,variance_volume_signals,fantail_vma,chop,48,0.45156615983791304
126,73.32982626325196,13,16.088410688176268,9,3.7243667036433137,21,16.812777391819637,0,0.0,97,43.945611327244784,halftrend_signals,qqe_mod_signals,variance_volume_signals,fantail_vma,chop,49,0.2292761110801252
132,79.28634335396978,9,11.123510153586885,4,-1.2243023478359563,12,9.03312919886595,0,0.0,110,51.8618965479329,supertrend_signals,fx_sniper_ergodic_cci_signals,choppiness_index_volume_signals,mcginley_dynamic_index,chop,50,0.11393045531861662
115,62.97731209034058,6,9.428314741197987,10,9.324153050381845,14,14.968712440600308,0,0.0,99,44.59606082852265,center_of_gravity_signals,linreg_slope_signals,efficiency_ratio_volume_signals,fantail_vma,chop,51,0.23768420632382306
250,88.95138320224277,25,14.72499775756597,17,13.880271950663868,39,27.367397461412256,0,0.0,205,64.08398574083051,fisher_transform_signals,ehlers_reverse_ema_signals,efficiency_ratio_volume_signals,fantail_vma,chop,52,0.30766691282572695
128,69.03172046286602,7,1.1695887698382759,4,3.5000616217959464,11,4.669650391634222,0,0.0,105,53.82882557761079,parabolic_sar_signals,lemantrend_signals,variance_volume_signals,wma_baseline,chop,53,0.06764499508810808
231,97.95344599593,23,12.096784246860398,20,7.5773654121843945,40,18.68722471829496,0,0.0,181,67.13949224943858,polychromatic_momentum_signals,fisher_transform_signals,variance_volume_signals,fantail_vma,chop,54,0.19077659318970178
113,62.38727877077462,12,6.792063133480811,15,14.067664381746642,25,18.832469490528652,0,0.0,85,39.135703407156804,waddah_attar_explosion_signals,volatility_quality_signals,variance_volume_signals,fantail_vma,chop,55,0.3018639354302265
120,55.19286751533842,12,2.3125051323630976,3,-0.3333333333333568,14,0.31250513236308297,0,0.0,103,55.213695716308656,ichimoku_signals,rex_oscillator_signals,volatility_ratio_volume_signals,rma_baseline,chop,56,0.005662056465470578
101,57.63961379081495,4,3.6311362105747103,5,2.9999999999999685,8,7.631136210574681,0,0.0,90,45.00847758024026,waddah_attar_explosion_signals,ssl_channel_signals,waddah_attar_explosion_volume_signals,fantail_vma,chop,57,0.13239395111614585
117,54.21794365260257,14,8.000584128825976,8,6.609659890590505,21,13.236198217889765,0,0.0,91,42.93453462256106,ichimoku_signals,ehlers_reverse_ema_signals,volatility_ratio_volume_signals,rma_baseline,chop,58,0.24412947681490316
226,59.20933906734118,24,3.348186097041613,2,2.6451655434942314,24,3.348186097041613,0,0.0,192,55.62422334564014,kase_peak_oscillator_signals,schaff_trend_cycle_signals,variance_volume_signals,tma_baseline,trend,59,0.05654827683912474
192,53.9583452380309,22,3.5224128432565065,4,1.3831492703839627,24,2.522412843256502,0,0.0,162,51.30512074620975,ehlers_reverse_ema_signals,aroon_signals,variance_volume_signals,tma_baseline,trend,60,0.04674740917515491
