Trade number,Type,Date and time,Signal,Price JPY,Size (qty),Size (value),Net PnL USD,Return %,Commission USD,Favorable excursion USD,Favorable excursion %,Adverse excursion USD,Adverse excursion %,Cumulative PnL USD,Cumulative PnL %,Duration (bars)
1,Exit short,2002-08-14,SL/TP 1,117.365,1396,165342.24,12.61,0.91,0,12.61,0.91,0,0.00,12.61,0.00,1
1,Entry short,2002-08-13,119.1562726705,118.44,1396,165342.24,12.61,0.91,0,12.61,0.91,0,0.00,12.61,0.00,1
2,Exit short,2002-08-22,Exit Short 2,119.94,1396,165342.24,-17.62,-1.27,0,13.22,0.95,-17.62,-1.27,-5.01,0.00,7
2,Entry short,2002-08-13,119.1562726705,118.44,1396,165342.24,-17.62,-1.27,0,13.22,0.95,-17.62,-1.27,-5.01,0.00,7
3,Exit short,2003-11-19,SL/TP 1,109.18,1528.5,165880.4625,-9.27,-0.60,0,6.37,0.41,-9.27,-0.60,-14.28,0.00,7
3,Entry short,2003-11-10,109.1791557602,108.525,1528.5,165880.4625,-9.27,-0.60,0,6.37,0.41,-9.27,-0.60,-14.28,0.00,7
4,Exit short,2003-11-19,Exit Short 2,109.275,1528.5,165880.4625,-10.62,-0.69,0,6.37,0.41,-10.62,-0.69,-24.9,0.00,7
4,Entry short,2003-11-10,109.1791557602,108.525,1528.5,165880.4625,-10.62,-0.69,0,6.37,0.41,-10.62,-0.69,-24.9,0.00,7
5,Exit short,2004-07-20,BL Exit Short 1,108.685,1617,175015.995,-6.69,-0.42,0,0,0.00,-6.69,-0.42,-31.6,0.00,1
5,Entry short,2004-07-19,108.8534972029,108.235,1617,175015.995,-6.69,-0.42,0,0,0.00,-6.69,-0.42,-31.6,0.00,1
6,Exit short,2004-07-20,BL Exit Short 2,108.685,1617,175015.995,-6.69,-0.42,0,0,0.00,-6.69,-0.42,-38.29,0.00,1
6,Entry short,2004-07-19,108.8534972029,108.235,1617,175015.995,-6.69,-0.42,0,0,0.00,-6.69,-0.42,-38.29,0.00,1
7,Exit short,2005-01-20,SL/TP 1,103.321,1136,116372.976,-9.73,-0.86,0,8.32,0.73,-9.73,-0.86,-48.02,0.00,6
7,Entry short,2005-01-12,103.3207680015,102.441,1136,116372.976,-9.73,-0.86,0,8.32,0.73,-9.73,-0.86,-48.02,0.00,6
8,Exit short,2005-01-25,Exit Short 2,104.077,1136,116372.976,-18.11,-1.60,0,8.32,0.73,-21.21,-1.87,-66.13,-0.01,9
8,Entry short,2005-01-12,103.3207680015,102.441,1136,116372.976,-18.11,-1.60,0,8.32,0.73,-21.21,-1.87,-66.13,-0.01,9
9,Exit long,2005-03-24,SL/TP 1,106.527,1133,119194.999,14.16,1.26,0,14.16,1.26,-3.72,-0.33,-51.97,-0.01,3
9,Entry long,2005-03-21,104.3197252936,105.203,1133,119194.999,14.16,1.26,0,14.16,1.26,-3.72,-0.33,-51.97,-0.01,3
10,Exit long,2005-04-13,Exit Long 2,107.349,1133,119194.999,22.54,2.04,0,38.94,3.51,-3.72,-0.33,-29.43,0.00,17
10,Entry long,2005-03-21,104.3197252936,105.203,1133,119194.999,22.54,2.04,0,38.94,3.51,-3.72,-0.33,-29.43,0.00,17
11,Exit long,2006-09-21,SL/TP 1,116.827,1177,138505.829,-8.49,-0.72,0,6.07,0.51,-8.49,-0.72,-37.92,0.00,8
11,Entry long,2006-09-11,116.8273034949,117.677,1177,138505.829,-8.49,-0.72,0,6.07,0.51,-8.49,-0.72,-37.92,0.00,8
12,Exit long,2006-09-21,Exit Long 2,116.38,1177,138505.829,-12.96,-1.10,0,6.07,0.51,-14.38,-1.22,-50.88,-0.01,8
12,Entry long,2006-09-11,116.8273034949,117.677,1177,138505.829,-12.96,-1.10,0,6.07,0.51,-14.38,-1.22,-50.88,-0.01,8
13,Exit long,2006-10-06,SL/TP 1,119.043,1224,144208.008,12.73,1.04,0,12.73,1.04,-4.44,-0.37,-38.16,0.00,6
13,Entry long,2006-09-28,116.999883814,117.817,1224,144208.008,12.73,1.04,0,12.73,1.04,-4.44,-0.37,-38.16,0.00,6
14,Exit long,2006-10-19,Exit Long 2,118.165,1224,144208.008,3.59,0.30,0,21.03,1.75,-4.44,-0.37,-34.57,0.00,15
14,Entry long,2006-09-28,116.999883814,117.817,1224,144208.008,3.59,0.30,0,21.03,1.75,-4.44,-0.37,-34.57,0.00,15
15,Exit long,2007-02-26,SL/TP 1,120.758,1218.5,148144.0115,-8.22,-0.68,0,0.54,0.04,-8.22,-0.68,-42.79,0.00,2
15,Entry long,2007-02-22,120.7581943208,121.579,1218.5,148144.0115,-8.22,-0.68,0,0.54,0.04,-8.22,-0.68,-42.79,0.00,2
16,Exit long,2007-02-26,BL Exit Long 2,120.647,1218.5,148144.0115,-9.33,-0.77,0,0.54,0.04,-12.21,-1.00,-52.13,-0.01,2
16,Entry long,2007-02-22,120.7581943208,121.579,1218.5,148144.0115,-9.33,-0.77,0,0.54,0.04,-12.21,-1.00,-52.13,-0.01,2
17,Exit short,2008-02-29,SL/TP 1,104.847,915,97435.605,14.17,1.54,0,14.17,1.54,-1.33,-0.15,-37.96,0.00,2
17,Entry short,2008-02-27,107.5797573565,106.487,915,97435.605,14.17,1.54,0,14.17,1.54,-1.33,-0.15,-37.96,0.00,2
18,Exit short,2008-04-01,Exit Short 2,101.841,915,97435.605,42.68,4.36,0,97.35,10.09,-1.33,-0.15,4.72,0.00,24
18,Entry short,2008-02-27,107.5797573565,106.487,915,97435.605,42.68,4.36,0,97.35,10.09,-1.33,-0.15,4.72,0.00,24
19,Exit long,2008-06-10,SL/TP 1,106.451,854,89409.53,14.22,1.68,0,14.22,1.68,-6.6,-0.78,18.94,0.00,9
19,Entry long,2008-05-28,103.5243376509,104.695,854,89409.53,14.22,1.68,0,14.22,1.68,-6.6,-0.78,18.94,0.00,9
20,Exit long,2008-06-26,Exit Long 2,106.814,854,89409.53,16.68,2.02,0,30.68,3.72,-6.6,-0.78,35.62,0.00,21
20,Entry long,2008-05-28,103.5243376509,104.695,854,89409.53,16.68,2.02,0,30.68,3.72,-6.6,-0.78,35.62,0.00,21
21,Exit short,2009-01-21,SL/TP 1,88.116,660.5,59701.274,16.64,2.51,0,16.64,2.51,-6.64,-1.01,52.26,0.01,8
21,Entry short,2009-01-09,91.9020575922,90.388,660.5,59701.274,16.64,2.51,0,16.64,2.51,-6.64,-1.01,52.26,0.01,8
22,Exit short,2009-01-28,BL Exit Short 2,90.294,660.5,59701.274,0.69,0.10,0,24.05,3.63,-6.64,-1.01,52.96,0.01,13
22,Entry short,2009-01-09,91.9020575922,90.388,660.5,59701.274,0.69,0.10,0,24.05,3.63,-6.64,-1.01,52.96,0.01,13
23,Exit short,2009-01-30,BL Exit Short 1,89.932,648,58343.328,0.75,0.12,0,6.13,0.95,-0.85,-0.13,53.7,0.01,1
23,Entry short,2009-01-29,91.5792282821,90.036,648,58343.328,0.75,0.12,0,6.13,0.95,-0.85,-0.13,53.7,0.01,1
24,Exit short,2009-01-30,BL Exit Short 2,89.932,648,58343.328,0.75,0.12,0,6.13,0.95,-0.85,-0.13,54.45,0.01,1
24,Entry short,2009-01-29,91.5792282821,90.036,648,58343.328,0.75,0.12,0,6.13,0.95,-0.85,-0.13,54.45,0.01,1
25,Exit long,2009-04-14,Exit Long 1,98.986,550.5,54475.278,0.16,0.03,0,13.72,2.52,-4.19,-0.75,54.61,0.01,10
25,Entry long,2009-03-31,97.1388374765,98.956,550.5,54475.278,0.16,0.03,0,13.72,2.52,-4.19,-0.75,54.61,0.01,10
26,Exit long,2009-04-14,Exit Long 2,98.986,550.5,54475.278,0.16,0.03,0,13.72,2.52,-4.19,-0.75,54.78,0.01,10
26,Entry long,2009-03-31,97.1388374765,98.956,550.5,54475.278,0.16,0.03,0,13.72,2.52,-4.19,-0.75,54.78,0.01,10
27,Exit long,2009-05-11,SL/TP 1,97.756,736.5,72997.461,-10.02,-1.37,0,4.84,0.66,-10.02,-1.37,44.75,0.00,6
27,Entry long,2009-05-01,97.7565381955,99.114,736.5,72997.461,-10.02,-1.37,0,4.84,0.66,-10.02,-1.37,44.75,0.00,6
28,Exit long,2009-05-11,Exit Long 2,97.486,736.5,72997.461,-12.01,-1.64,0,4.84,0.66,-13.69,-1.87,32.74,0.00,6
28,Entry long,2009-05-01,97.7565381955,99.114,736.5,72997.461,-12.01,-1.64,0,4.84,0.66,-13.69,-1.87,32.74,0.00,6
29,Exit short,2010-03-05,SL/TP 1,90.057,1022,91037.716,-11.19,-1.10,0,10.78,1.05,-11.19,-1.10,21.55,0.00,6
29,Entry short,2010-02-25,90.0565423056,89.078,1022,91037.716,-11.19,-1.10,0,10.78,1.05,-11.19,-1.10,21.55,0.00,6
30,Exit short,2010-03-05,Exit Short 2,90.282,1022,91037.716,-13.76,-1.35,0,10.78,1.05,-17.29,-1.70,7.8,0.00,6
30,Entry short,2010-02-25,90.0565423056,89.078,1022,91037.716,-13.76,-1.35,0,10.78,1.05,-17.29,-1.70,7.8,0.00,6
31,Exit short,2010-08-06,SL/TP 1,85.122,1116,96497.172,17.31,1.56,0,17.31,1.56,-5.31,-0.48,25.1,0.00,5
31,Entry short,2010-07-30,87.3630663699,86.467,1116,96497.172,17.31,1.56,0,17.31,1.56,-5.31,-0.48,25.1,0.00,5
32,Exit short,2010-09-15,Exit Short 2,85.741,1116,96497.172,9.63,0.84,0,47.65,4.15,-5.31,-0.48,34.74,0.00,33
32,Entry short,2010-07-30,87.3630663699,86.467,1116,96497.172,9.63,0.84,0,47.65,4.15,-5.31,-0.48,34.74,0.00,33
33,Exit short,2010-10-06,SL/TP 1,82.916,1156.5,97392.3345,17.91,1.54,0,17.91,1.54,-2.47,-0.21,52.65,0.01,8
33,Entry short,2010-09-24,85.0775488001,84.213,1156.5,97392.3345,17.91,1.54,0,17.91,1.54,-2.47,-0.21,52.65,0.01,8
34,Exit short,2010-10-27,Exit Short 2,81.76,1156.5,97392.3345,34.98,2.91,0,53.81,4.51,-2.47,-0.21,87.63,0.01,23
34,Entry short,2010-09-24,85.0775488001,84.213,1156.5,97392.3345,34.98,2.91,0,53.81,4.51,-2.47,-0.21,87.63,0.01,23
35,Exit short,2011-05-31,SL/TP 1,81.528,1366.5,110407.734,-12.33,-0.91,0,1.35,0.10,-12.33,-0.91,75.29,0.01,2
35,Entry short,2011-05-27,81.5279018146,80.796,1366.5,110407.734,-12.33,-0.91,0,1.35,0.10,-12.33,-0.91,75.29,0.01,2
36,Exit short,2011-05-31,BL Exit Short 2,81.526,1366.5,110407.734,-12.3,-0.90,0,1.35,0.10,-16.5,-1.21,62.99,0.01,2
36,Entry short,2011-05-27,81.5279018146,80.796,1366.5,110407.734,-12.3,-0.90,0,1.35,0.10,-16.5,-1.21,62.99,0.01,2
37,Exit short,2011-06-08,SL/TP 1,79.845,1358,109930.1,18.65,1.37,0,18.65,1.37,-6.21,-0.46,81.65,0.01,5
37,Entry short,2011-06-01,81.686446533,80.95,1358,109930.1,18.65,1.37,0,18.65,1.37,-6.21,-0.46,81.65,0.01,5
38,Exit short,2011-06-15,Exit Short 2,80.956,1358,109930.1,-0.1,-0.01,0,21.1,1.54,-6.21,-0.46,81.54,0.01,10
38,Entry short,2011-06-01,81.686446533,80.95,1358,109930.1,-0.1,-0.01,0,21.1,1.54,-6.21,-0.46,81.54,0.01,10
39,Exit short,2011-07-12,SL/TP 1,79.368,1677,134601.051,18.54,1.12,0,18.54,1.12,-2.34,-0.14,100.08,0.01,1
39,Entry short,2011-07-11,80.8593747327,80.263,1677,134601.051,18.54,1.12,0,18.54,1.12,-2.34,-0.14,100.08,0.01,1
40,Exit short,2011-08-04,Exit Short 2,78.886,1677,134601.051,29.72,1.72,0,85.29,4.94,-2.34,-0.14,129.8,0.01,18
40,Entry short,2011-07-11,80.8593747327,80.263,1677,134601.051,29.72,1.72,0,85.29,4.94,-2.34,-0.14,129.8,0.01,18
41,Exit short,2011-09-15,SL/TP 1,77.269,1550.5,118805.512,-12.95,-0.84,0,1.2,0.08,-12.95,-0.84,116.85,0.01,1
41,Entry short,2011-09-14,77.2689147359,76.624,1550.5,118805.512,-12.95,-0.84,0,1.2,0.08,-12.95,-0.84,116.85,0.01,1
42,Exit short,2011-09-29,BL Exit Short 2,76.837,1550.5,118805.512,-4.29,-0.28,0,10.4,0.67,-14.16,-0.92,112.56,0.01,11
42,Entry short,2011-09-14,77.2689147359,76.624,1550.5,118805.512,-4.29,-0.28,0,10.4,0.67,-14.16,-0.92,112.56,0.01,11
43,Exit short,2011-10-31,SL/TP 1,76.823,1728.5,131787.754,-13.12,-0.76,0,15.61,0.90,-13.12,-0.76,99.44,0.01,6
43,Entry short,2011-10-21,76.8226165301,76.244,1728.5,131787.754,-13.12,-0.76,0,15.61,0.90,-13.12,-0.76,99.44,0.01,6
44,Exit short,2011-10-31,Exit Short 2,78.169,1728.5,131787.754,-43.62,-2.52,0,15.61,0.90,-74.53,-4.31,55.82,0.01,6
44,Entry short,2011-10-21,76.8226165301,76.244,1728.5,131787.754,-43.62,-2.52,0,15.61,0.90,-74.53,-4.31,55.82,0.01,6
45,Exit long,2011-12-29,Exit Long 1,77.636,2560,199526.4,-9.95,-0.39,0,1.5,0.06,-10.93,-0.43,45.87,0.00,1
45,Entry long,2011-12-28,77.5494066884,77.94,2560,199526.4,-9.95,-0.39,0,1.5,0.06,-10.93,-0.43,45.87,0.00,1
46,Exit long,2011-12-29,Exit Long 2,77.636,2560,199526.4,-9.95,-0.39,0,1.5,0.06,-10.93,-0.43,35.93,0.00,1
46,Entry long,2011-12-28,77.5494066884,77.94,2560,199526.4,-9.95,-0.39,0,1.5,0.06,-10.93,-0.43,35.93,0.00,1
47,Exit short,2012-05-22,SL/TP 1,79.895,1614,127949.85,-12.64,-0.78,0,5.49,0.35,-12.64,-0.78,23.29,0.00,3
47,Entry short,2012-05-17,79.89462793,79.275,1614,127949.85,-12.64,-0.78,0,5.49,0.35,-12.64,-0.78,23.29,0.00,3
48,Exit short,2012-05-22,BL Exit Short 2,79.962,1614,127949.85,-14,-0.87,0,5.49,0.35,-17.82,-1.10,9.29,0.00,3
48,Entry short,2012-05-17,79.89462793,79.275,1614,127949.85,-14,-0.87,0,5.49,0.35,-17.82,-1.10,9.29,0.00,3
49,Exit short,2012-06-18,BL Exit Short 1,79.112,1671,131544.462,-8.19,-0.50,0,0,0.00,-12.31,-0.74,1.09,0.00,1
49,Entry short,2012-06-15,79.3204602478,78.722,1671,131544.462,-8.19,-0.50,0,0,0.00,-12.31,-0.74,1.09,0.00,1
50,Exit short,2012-06-18,BL Exit Short 2,79.112,1671,131544.462,-8.19,-0.50,0,0,0.00,-12.31,-0.74,-7.1,0.00,1
50,Entry short,2012-06-15,79.3204602478,78.722,1671,131544.462,-8.19,-0.50,0,0,0.00,-12.31,-0.74,-7.1,0.00,1
51,Exit long,2012-07-12,SL/TP 1,79.185,1732.5,138189.3975,-12.59,-0.72,0,4.33,0.25,-12.59,-0.72,-19.69,0.00,1
51,Entry long,2012-07-11,79.1857339489,79.763,1732.5,138189.3975,-12.59,-0.72,0,4.33,0.25,-12.59,-0.72,-19.69,0.00,1
52,Exit long,2012-07-12,Exit Long 2,79.313,1732.5,138189.3975,-9.8,-0.56,0,4.33,0.25,-12.72,-0.73,-29.49,0.00,1
52,Entry long,2012-07-11,79.1857339489,79.763,1732.5,138189.3975,-9.8,-0.56,0,4.33,0.25,-12.72,-0.73,-29.49,0.00,1
53,Exit short,2012-09-06,SL/TP 1,78.949,2271,178291.668,-12.74,-0.56,0,9.16,0.41,-12.74,-0.56,-42.22,0.00,7
53,Entry short,2012-08-28,78.9483158737,78.508,2271,178291.668,-12.74,-0.56,0,9.16,0.41,-12.74,-0.56,-42.22,0.00,7
54,Exit short,2012-09-06,Exit Short 2,78.862,2271,178291.668,-10.23,-0.45,0,9.16,0.41,-15.22,-0.67,-52.45,-0.01,7
54,Entry short,2012-08-28,78.9483158737,78.508,2271,178291.668,-10.23,-0.45,0,9.16,0.41,-15.22,-0.67,-52.45,-0.01,7
55,Exit short,2012-09-13,SL/TP 1,77.569,2255.5,176456.787,19.24,0.85,0,19.24,0.85,-2.77,-0.12,-33.21,0.00,4
55,Entry short,2012-09-07,78.6773332855,78.234,2255.5,176456.787,19.24,0.85,0,19.24,0.85,-2.77,-0.12,-33.21,0.00,4
56,Exit short,2012-09-17,Exit Short 2,78.707,2255.5,176456.787,-13.74,-0.60,0,31.77,1.40,-20.19,-0.89,-46.95,0.00,6
56,Entry short,2012-09-07,78.6773332855,78.234,2255.5,176456.787,-13.74,-0.60,0,31.77,1.40,-20.19,-0.89,-46.95,0.00,6
57,Exit long,2014-10-31,SL/TP 1,109.632,1102,119314.642,13.78,1.26,0,13.78,1.26,-6.75,-0.61,-33.16,0.00,6
57,Entry long,2014-10-23,107.3637585235,108.271,1102,119314.642,13.78,1.26,0,13.78,1.26,-6.75,-0.61,-33.16,0.00,6
58,Exit long,2014-12-10,Exit Long 2,117.821,1102,119314.642,87.88,8.82,0,123.46,12.54,-6.75,-0.61,54.71,0.01,34
58,Entry long,2014-10-23,107.3637585235,108.271,1102,119314.642,87.88,8.82,0,123.46,12.54,-6.75,-0.61,54.71,0.01,34
59,Exit long,2015-01-06,SL/TP 1,118.631,711.5,85406.3255,-8.36,-1.17,0,4.68,0.66,-8.36,-1.17,46.35,0.00,9
59,Entry long,2014-12-22,118.6316200264,120.037,711.5,85406.3255,-8.36,-1.17,0,4.68,0.66,-8.36,-1.17,46.35,0.00,9
60,Exit long,2015-01-06,Exit Long 2,118.384,711.5,85406.3255,-9.83,-1.38,0,4.68,0.66,-11.78,-1.65,36.52,0.00,9
60,Entry long,2014-12-22,118.6316200264,120.037,711.5,85406.3255,-9.83,-1.38,0,4.68,0.66,-11.78,-1.65,36.52,0.00,9
61,Exit short,2015-05-01,Exit Short 1,120.21,1201,143622.786,-6.29,-0.52,0,11,0.91,-7.09,-0.59,30.22,0.00,6
61,Entry short,2015-04-23,120.4182171757,119.586,1201,143622.786,-6.29,-0.52,0,11,0.91,-7.09,-0.59,30.22,0.00,6
62,Exit short,2015-05-01,Exit Short 2,120.21,1201,143622.786,-6.29,-0.52,0,11,0.91,-7.09,-0.59,23.93,0.00,6
62,Entry short,2015-04-23,120.4182171757,119.586,1201,143622.786,-6.29,-0.52,0,11,0.91,-7.09,-0.59,23.93,0.00,6
63,Exit long,2015-05-26,SL/TP 1,121.827,1314,158580.09,12.34,0.95,0,12.34,0.95,-1.14,-0.09,36.28,0.00,5
63,Entry long,2015-05-19,119.923930684,120.685,1314,158580.09,12.34,0.95,0,12.34,0.95,-1.14,-0.09,36.28,0.00,5
64,Exit long,2015-06-10,Exit Long 2,122.674,1314,158580.09,20.97,1.65,0,54.71,4.29,-1.14,-0.09,57.25,0.01,16
64,Entry long,2015-05-19,119.923930684,120.685,1314,158580.09,20.97,1.65,0,54.71,4.29,-1.14,-0.09,57.25,0.01,16
65,Exit short,2015-10-09,BL Exit Short 1,120.223,991,118932.883,-1.73,-0.17,0,3.16,0.32,-2.77,-0.28,55.51,0.01,2
65,Entry short,2015-10-07,121.0223698521,120.013,991,118932.883,-1.73,-0.17,0,3.16,0.32,-2.77,-0.28,55.51,0.01,2
66,Exit short,2015-10-09,BL Exit Short 2,120.223,991,118932.883,-1.73,-0.17,0,3.16,0.32,-2.77,-0.28,53.78,0.01,2
66,Entry short,2015-10-07,121.0223698521,120.013,991,118932.883,-1.73,-0.17,0,3.16,0.32,-2.77,-0.28,53.78,0.01,2
67,Exit short,2015-10-14,SL/TP 1,118.689,1114.5,133779.0075,12.49,1.12,0,12.49,1.12,-0.44,-0.04,66.27,0.01,2
67,Entry short,2015-10-12,120.9323035951,120.035,1114.5,133779.0075,12.49,1.12,0,12.49,1.12,-0.44,-0.04,66.27,0.01,2
68,Exit short,2015-10-21,Exit Short 2,119.927,1114.5,133779.0075,1.01,0.09,0,18.33,1.64,-0.55,-0.05,67.28,0.01,7
68,Entry short,2015-10-12,120.9323035951,120.035,1114.5,133779.0075,1.01,0.09,0,18.33,1.64,-0.55,-0.05,67.28,0.01,7
69,Exit short,2016-03-25,Exit Short 1,113.092,769.5,86617.998,-3.61,-0.47,0,12.89,1.68,-5.2,-0.68,63.67,0.01,7
69,Entry short,2016-03-16,113.8627698853,112.564,769.5,86617.998,-3.61,-0.47,0,12.89,1.68,-5.2,-0.68,63.67,0.01,7
70,Exit short,2016-03-25,Exit Short 2,113.092,769.5,86617.998,-3.61,-0.47,0,12.89,1.68,-5.2,-0.68,60.05,0.01,7
70,Entry short,2016-03-16,113.8627698853,112.564,769.5,86617.998,-3.61,-0.47,0,12.89,1.68,-5.2,-0.68,60.05,0.01,7
71,Exit short,2016-04-05,SL/TP 1,110.137,944,105470.288,13.44,1.42,0,13.44,1.42,-0.64,-0.07,73.49,0.01,2
71,Entry short,2016-04-01,112.7865221068,111.727,944,105470.288,13.44,1.42,0,13.44,1.42,-0.64,-0.07,73.49,0.01,2
72,Exit short,2016-04-20,Exit Short 2,109.847,944,105470.288,16.3,1.68,0,35.73,3.67,-0.64,-0.07,89.79,0.01,13
72,Entry short,2016-04-01,112.7865221068,111.727,944,105470.288,16.3,1.68,0,35.73,3.67,-0.64,-0.07,89.79,0.01,13
73,Exit short,2016-09-13,BL Exit Short 1,102.553,896.5,91304.0425,-6.18,-0.70,0,3.7,0.42,-7.89,-0.89,83.61,0.01,1
73,Entry short,2016-09-12,102.9606394995,101.845,896.5,91304.0425,-6.18,-0.70,0,3.7,0.42,-7.89,-0.89,83.61,0.01,1
74,Exit short,2016-09-13,BL Exit Short 2,102.553,896.5,91304.0425,-6.18,-0.70,0,3.7,0.42,-7.89,-0.89,77.43,0.01,1
74,Entry short,2016-09-12,102.9606394995,101.845,896.5,91304.0425,-6.18,-0.70,0,3.7,0.42,-7.89,-0.89,77.43,0.01,1
75,Exit long,2016-11-09,SL/TP 1,104.236,1063,111803.151,-9.51,-0.89,0,7.21,0.68,-9.51,-0.89,67.92,0.01,1
75,Entry long,2016-11-08,104.2367284869,105.177,1063,111803.151,-9.51,-0.89,0,7.21,0.68,-9.51,-0.89,67.92,0.01,1
76,Exit long,2016-12-29,Exit Long 2,116.539,1063,111803.151,102.98,10.80,0,122.49,12.83,-40.26,-3.79,170.9,0.02,36
76,Entry long,2016-11-08,104.2367284869,105.177,1063,111803.151,102.98,10.80,0,122.49,12.83,-40.26,-3.79,170.9,0.02,36
77,Exit short,2018-03-23,SL/TP 1,104.851,1252.5,132826.3725,14.15,1.13,0,14.15,1.13,-0.47,-0.04,185.04,0.02,2
77,Entry short,2018-03-21,106.8479121372,106.049,1252.5,132826.3725,14.15,1.13,0,14.15,1.13,-0.47,-0.04,185.04,0.02,2
78,Exit short,2018-03-28,Exit Short 2,106.851,1252.5,132826.3725,-9.52,-0.76,0,16.78,1.33,-11.44,-0.91,175.52,0.02,5
78,Entry short,2018-03-21,106.8479121372,106.049,1252.5,132826.3725,-9.52,-0.76,0,16.78,1.33,-11.44,-0.91,175.52,0.02,5
79,Exit long,2018-06-07,SL/TP 1,109.488,1439,158554.776,-9.12,-0.63,0,0.5,0.03,-9.12,-0.63,166.4,0.02,1
79,Entry long,2018-06-06,109.4889569792,110.184,1439,158554.776,-9.12,-0.63,0,0.5,0.03,-9.12,-0.63,166.4,0.02,1
80,Exit long,2018-06-07,BL Exit Long 2,109.7,1439,158554.776,-6.34,-0.44,0,0.5,0.03,-9.26,-0.64,160.06,0.02,1
80,Entry long,2018-06-06,109.4889569792,110.184,1439,158554.776,-6.34,-0.44,0,0.5,0.03,-9.26,-0.64,160.06,0.02,1
81,Exit long,2018-06-25,Exit Long 1,109.764,1423.5,156636.246,-3.52,-0.25,0,11.21,0.79,-8.65,-0.61,156.54,0.02,10
81,Entry long,2018-06-11,109.3333912111,110.036,1423.5,156636.246,-3.52,-0.25,0,11.21,0.79,-8.65,-0.61,156.54,0.02,10
82,Exit long,2018-06-25,Exit Long 2,109.764,1423.5,156636.246,-3.52,-0.25,0,11.21,0.79,-8.65,-0.61,153.02,0.02,10
82,Entry long,2018-06-11,109.3333912111,110.036,1423.5,156636.246,-3.52,-0.25,0,11.21,0.79,-8.65,-0.61,153.02,0.02,10
83,Exit long,2018-09-20,SL/TP 1,112.537,1604.5,179065.409,13.35,0.84,0,13.35,0.84,-7.02,-0.44,166.36,0.02,7
83,Entry long,2018-09-11,110.978675539,111.602,1604.5,179065.409,13.35,0.84,0,13.35,0.84,-7.02,-0.44,166.36,0.02,7
84,Exit long,2018-10-09,Exit Long 2,112.952,1604.5,179065.409,19.05,1.21,0,41.62,2.64,-7.02,-0.44,185.41,0.02,20
84,Entry long,2018-09-11,110.978675539,111.602,1604.5,179065.409,19.05,1.21,0,41.62,2.64,-7.02,-0.44,185.41,0.02,20
85,Exit long,2018-12-17,SL/TP 1,113.005,1659,188475.672,-8.82,-0.53,0,0.99,0.06,-8.82,-0.53,176.59,0.02,2
85,Entry long,2018-12-13,113.0053105975,113.608,1659,188475.672,-8.82,-0.53,0,0.99,0.06,-8.82,-0.53,176.59,0.02,2
86,Exit long,2018-12-17,BL Exit Long 2,112.833,1659,188475.672,-11.34,-0.68,0,0.99,0.06,-13.55,-0.82,165.25,0.02,2
86,Entry long,2018-12-13,113.0053105975,113.608,1659,188475.672,-11.34,-0.68,0,0.99,0.06,-13.55,-0.82,165.25,0.02,2
87,Exit short,2019-07-16,BL Exit Short 1,108.24,1760,189914.56,-5.45,-0.31,0,1.72,0.10,-7.66,-0.44,159.81,0.02,2
87,Entry short,2019-07-12,108.47414981,107.906,1760,189914.56,-5.45,-0.31,0,1.72,0.10,-7.66,-0.44,159.81,0.02,2
88,Exit short,2019-07-16,BL Exit Short 2,108.24,1760,189914.56,-5.45,-0.31,0,1.72,0.10,-7.66,-0.44,154.36,0.02,2
88,Entry short,2019-07-12,108.47414981,107.906,1760,189914.56,-5.45,-0.31,0,1.72,0.10,-7.66,-0.44,154.36,0.02,2
89,Exit short,2019-07-23,BL Exit Short 1,108.226,1858,200578.532,-4.69,-0.25,0,12.74,0.69,-5.79,-0.31,149.67,0.01,4
89,Entry short,2019-07-17,108.4922398442,107.954,1858,200578.532,-4.69,-0.25,0,12.74,0.69,-5.79,-0.31,149.67,0.01,4
90,Exit short,2019-07-23,BL Exit Short 2,108.226,1858,200578.532,-4.69,-0.25,0,12.74,0.69,-5.79,-0.31,144.98,0.01,4
90,Entry short,2019-07-17,108.4922398442,107.954,1858,200578.532,-4.69,-0.25,0,12.74,0.69,-5.79,-0.31,144.98,0.01,4
91,Exit long,2019-11-29,SL/TP 1,109.629,2130.5,232062.582,13.71,0.65,0,13.71,0.65,-0.96,-0.04,158.69,0.02,4
91,Entry long,2019-11-25,108.4546190215,108.924,2130.5,232062.582,13.71,0.65,0,13.71,0.65,-0.96,-0.04,158.69,0.02,4
92,Exit long,2019-12-03,Exit Long 2,108.634,2130.5,232062.582,-5.67,-0.27,0,15.65,0.74,-8.64,-0.41,153.03,0.02,6
92,Entry long,2019-11-25,108.4546190215,108.924,2130.5,232062.582,-5.67,-0.27,0,15.65,0.74,-8.64,-0.41,153.03,0.02,6
93,Exit long,2019-12-30,SL/TP 1,108.828,2093.5,228832.111,-9.15,-0.44,0,7.68,0.37,-9.15,-0.44,143.88,0.01,11
93,Entry long,2019-12-12,108.8282958274,109.306,2093.5,228832.111,-9.15,-0.44,0,7.68,0.37,-9.15,-0.44,143.88,0.01,11
94,Exit long,2019-12-30,Exit Long 2,108.879,2093.5,228832.111,-8.17,-0.39,0,7.68,0.37,-10.3,-0.49,135.71,0.01,11
94,Entry long,2019-12-12,108.8282958274,109.306,2093.5,228832.111,-8.17,-0.39,0,7.68,0.37,-10.3,-0.49,135.71,0.01,11
95,Exit short,2020-09-09,BL Exit Short 1,106.18,1539.5,163236.264,-2.14,-0.14,0,3.5,0.23,-3.5,-0.23,133.56,0.01,1
95,Entry short,2020-09-08,106.6815790854,106.032,1539.5,163236.264,-2.14,-0.14,0,3.5,0.23,-3.5,-0.23,133.56,0.01,1
96,Exit short,2020-09-09,BL Exit Short 2,106.18,1539.5,163236.264,-2.14,-0.14,0,3.5,0.23,-3.5,-0.23,131.42,0.01,1
96,Entry short,2020-09-08,106.6815790854,106.032,1539.5,163236.264,-2.14,-0.14,0,3.5,0.23,-3.5,-0.23,131.42,0.01,1
97,Exit short,2021-01-07,SL/TP 1,103.646,2075.5,214116.882,-9.71,-0.47,0,11.53,0.55,-9.71,-0.47,121.71,0.01,5
97,Entry short,2020-12-30,103.6458422219,103.164,2075.5,214116.882,-9.71,-0.47,0,11.53,0.55,-9.71,-0.47,121.71,0.01,5
98,Exit short,2021-01-07,Exit Short 2,103.809,2075.5,214116.882,-12.99,-0.63,0,11.53,0.55,-16.01,-0.77,108.72,0.01,5
98,Entry short,2020-12-30,103.6458422219,103.164,2075.5,214116.882,-12.99,-0.63,0,11.53,0.55,-16.01,-0.77,108.72,0.01,5
99,Exit long,2021-05-20,BL Exit Long 1,108.782,1662.5,181576.5875,-6.67,-0.40,0,1.37,0.08,-7.19,-0.43,102.05,0.01,1
99,Entry long,2021-05-19,108.6175580699,109.219,1662.5,181576.5875,-6.67,-0.40,0,1.37,0.08,-7.19,-0.43,102.05,0.01,1
100,Exit long,2021-05-20,BL Exit Long 2,108.782,1662.5,181576.5875,-6.67,-0.40,0,1.37,0.08,-7.19,-0.43,95.38,0.01,1
100,Entry long,2021-05-19,108.6175580699,109.219,1662.5,181576.5875,-6.67,-0.40,0,1.37,0.08,-7.19,-0.43,95.38,0.01,1
101,Exit long,2021-06-23,SL/TP 1,110.897,1823.5,200719.939,13.6,0.75,0,13.6,0.75,-5.89,-0.32,108.99,0.01,7
101,Entry long,2021-06-14,109.5256249731,110.074,1823.5,200719.939,13.6,0.75,0,13.6,0.75,-5.89,-0.32,108.99,0.01,7
102,Exit long,2021-07-06,Exit Long 2,110.621,1823.5,200719.939,8.98,0.50,0,26.03,1.44,-5.89,-0.32,117.97,0.01,16
102,Entry long,2021-06-14,109.5256249731,110.074,1823.5,200719.939,8.98,0.50,0,26.03,1.44,-5.89,-0.32,117.97,0.01,16
103,Exit long,2021-07-27,SL/TP 1,109.977,1745.5,192965.025,-9.05,-0.52,0,0.55,0.03,-9.05,-0.52,108.92,0.01,2
103,Entry long,2021-07-23,109.977044674,110.55,1745.5,192965.025,-9.05,-0.52,0,0.55,0.03,-9.05,-0.52,108.92,0.01,2
104,Exit long,2021-07-27,BL Exit Long 2,109.792,1745.5,192965.025,-11.97,-0.69,0,0.55,0.03,-15.25,-0.87,96.96,0.01,2
104,Entry long,2021-07-23,109.977044674,110.55,1745.5,192965.025,-11.97,-0.69,0,0.55,0.03,-15.25,-0.87,96.96,0.01,2
105,Exit short,2021-09-22,SL/TP 1,109.897,1986,217254.498,-9.15,-0.46,0,4.95,0.25,-9.15,-0.46,87.81,0.01,2
105,Entry short,2021-09-20,109.8964886714,109.393,1986,217254.498,-9.15,-0.46,0,4.95,0.25,-9.15,-0.46,87.81,0.01,2
106,Exit short,2021-09-23,Exit Short 2,110.329,1986,217254.498,-17.02,-0.86,0,4.95,0.25,-17.4,-0.87,70.79,0.01,3
106,Entry short,2021-09-20,109.8964886714,109.393,1986,217254.498,-17.02,-0.86,0,4.95,0.25,-17.4,-0.87,70.79,0.01,3
107,Exit long,2022-03-11,SL/TP 1,116.333,1469.5,169450.984,12.92,0.89,0,12.92,0.89,-0.48,-0.03,83.71,0.01,4
107,Entry long,2022-03-07,114.6314608314,115.312,1469.5,169450.984,12.92,0.89,0,12.92,0.89,-0.48,-0.03,83.71,0.01,4
108,Exit long,2022-05-12,Exit Long 2,128.322,1469.5,169450.984,146.54,11.28,0,184.13,13.91,-0.48,-0.03,230.25,0.02,48
108,Entry long,2022-03-07,114.6314608314,115.312,1469.5,169450.984,146.54,11.28,0,184.13,13.91,-0.48,-0.03,230.25,0.02,48
109,Exit long,2022-06-03,SL/TP 1,130.516,828,106566.912,11.53,1.41,0,11.53,1.41,-0.36,-0.04,241.78,0.02,3
109,Entry long,2022-05-31,127.4965021456,128.704,828,106566.912,11.53,1.41,0,11.53,1.41,-0.36,-0.04,241.78,0.02,3
110,Exit long,2022-06-16,Exit Long 2,132.222,828,106566.912,21.48,2.73,0,42.47,5.36,-0.36,-0.04,263.26,0.03,12
110,Entry long,2022-05-31,127.4965021456,128.704,828,106566.912,21.48,2.73,0,42.47,5.36,-0.36,-0.04,263.26,0.03,12
111,Exit long,2023-11-15,SL/TP 1,150.051,1081.5,163280.544,-6.65,-0.61,0,6.67,0.62,-6.65,-0.61,256.61,0.03,5
111,Entry long,2023-11-08,150.0513821559,150.976,1081.5,163280.544,-6.65,-0.61,0,6.67,0.62,-6.65,-0.61,256.61,0.03,5
112,Exit long,2023-11-17,Exit Long 2,149.646,1081.5,163280.544,-9.54,-0.88,0,6.67,0.62,-12.77,-1.18,247.06,0.02,7
112,Entry long,2023-11-08,150.0513821559,150.976,1081.5,163280.544,-9.54,-0.88,0,6.67,0.62,-12.77,-1.18,247.06,0.02,7
113,Exit long,2024-06-12,SL/TP 1,156.005,881.5,138518.91,-6.37,-0.72,0,1.3,0.15,-6.37,-0.72,240.69,0.02,1
113,Entry long,2024-06-11,156.0054883968,157.14,881.5,138518.91,-6.37,-0.72,0,1.3,0.15,-6.37,-0.72,240.69,0.02,1
114,Exit long,2024-07-11,Exit Long 2,158.902,881.5,138518.91,9.63,1.12,0,26.24,3.06,-7.97,-0.90,250.32,0.03,22
114,Entry long,2024-06-11,156.0054883968,157.14,881.5,138518.91,9.63,1.12,0,26.24,3.06,-7.97,-0.90,250.32,0.03,22
115,Exit short,2024-09-11,SL/TP 1,140.912,531.5,76394.0895,10.47,1.96,0,10.47,1.96,-1.82,-0.35,260.79,0.03,5
115,Entry short,2024-09-04,145.6136010081,143.733,531.5,76394.0895,10.47,1.96,0,10.47,1.96,-1.82,-0.35,260.79,0.03,5
116,Exit short,2024-09-20,Exit Short 2,143.92,531.5,76394.0895,-0.7,-0.13,0,15.55,2.89,-2.86,-0.53,260.09,0.03,12
116,Entry short,2024-09-04,145.6136010081,143.733,531.5,76394.0895,-0.7,-0.13,0,15.55,2.89,-2.86,-0.53,260.09,0.03,12
117,Exit long,2025-07-15,SL/TP 1,148.138,725.5,105973.785,10.17,1.42,0,10.17,1.42,-1.55,-0.21,270.27,0.03,6
117,Entry long,2025-07-07,144.6919639081,146.07,725.5,105973.785,10.17,1.42,0,10.17,1.42,-1.55,-0.21,270.27,0.03,6
118,Exit long,2025-07-22,Exit Long 2,146.646,725.5,105973.785,2.81,0.39,0,15.31,2.14,-1.55,-0.21,273.07,0.03,11
118,Entry long,2025-07-07,144.6919639081,146.07,725.5,105973.785,2.81,0.39,0,15.31,2.14,-1.55,-0.21,273.07,0.03,11
119,Exit long,2025-09-15,BL Exit Long 1,147.418,866.5,127957.788,-1.49,-0.17,0,0.7,0.08,-2.59,-0.30,271.58,0.03,1
119,Entry long,2025-09-12,146.5177822614,147.672,866.5,127957.788,-1.49,-0.17,0,0.7,0.08,-2.59,-0.30,271.58,0.03,1
120,Exit long,2025-09-15,BL Exit Long 2,147.418,866.5,127957.788,-1.49,-0.17,0,0.7,0.08,-2.59,-0.30,270.08,0.03,1
120,Entry long,2025-09-12,146.5177822614,147.672,866.5,127957.788,-1.49,-0.17,0,0.7,0.08,-2.59,-0.30,270.08,0.03,1
121,Exit long,2026-04-30,SL/TP 1,158.524,1051.5,167689.014,-6.27,-0.60,0,8.24,0.78,-6.27,-0.60,263.81,0.03,6
121,Entry long,2026-04-22,158.5248325817,159.476,1051.5,167689.014,-6.27,-0.60,0,8.24,0.78,-6.27,-0.60,263.81,0.03,6
122,Exit long,2026-04-30,Exit Long 2,156.624,1051.5,167689.014,-18.79,-1.79,0,8.24,0.78,-25.83,-2.46,245.01,0.02,6
122,Entry long,2026-04-22,158.5248325817,159.476,1051.5,167689.014,-18.79,-1.79,0,8.24,0.78,-25.83,-2.46,245.01,0.02,6
123,Exit long,2026-07-10,SL/TP 1,161.914,1378,224117.92,-6.15,-0.45,0,0,0.00,-6.15,-0.45,238.86,0.02,2
123,Entry long,2026-07-08,161.9141801355,162.64,1378,224117.92,-6.15,-0.45,0,0,0.00,-6.15,-0.45,238.86,0.02,2
124,Exit long,2026-07-10,BL Exit Long 2,161.705,1378,224117.92,-7.92,-0.57,0,0,0.00,-11.51,-0.83,230.94,0.02,2
124,Entry long,2026-07-08,161.9141801355,162.64,1378,224117.92,-7.92,-0.57,0,0,0.00,-11.51,-0.83,230.94,0.02,2